-- Generated by backend/scripts/build_seed_sql.py from scraped_races_2026.json
-- Source: https://ceskybeh.cz/terminovka/ (Czech race calendar)
-- Do not edit by hand; re-run the generator instead.

-- ===== Races (2026) =====
INSERT INTO races (id, name, place, date, start_time, web, track_length_id, track_type_id, race_calendar_id) VALUES
    (100, 'Jistebnický vodohospodářský půlmaraton', 'Jistebník', DATE '2026-05-23', TIME '09:30', 'https://ceskybeh.cz/zavody/jistebnicky-vodohospodarsky-pulmaraton-2026/', 4, 1, 1),
    (101, 'Běhám pro děti', 'Praha', DATE '2026-05-23', TIME '08:00', 'https://ceskybeh.cz/zavody/beham-pro-deti-2026/', 1, 1, 1),
    (102, 'VolšoHEC run', 'Jedovnice', DATE '2026-05-23', TIME '11:00', 'https://ceskybeh.cz/zavody/volsohec-run-2026/', 2, 1, 1),
    (103, 'Běh do vrchu Poniklá - Rezek', 'Poniklá', DATE '2026-05-23', TIME '08:30', 'https://ceskybeh.cz/zavody/beh-do-vrchu-ponikla-rezek-2026/', 2, 2, 1),
    (104, 'Beton Race Original', 'Zábřeh', DATE '2026-05-23', TIME '10:00', 'https://ceskybeh.cz/zavody/beton-race-original-2026/', 2, 2, 1),
    (105, 'Běšinský běh', 'Běšiny u Klatov', DATE '2026-05-23', TIME '10:30', 'https://ceskybeh.cz/zavody/besinsky-beh-2026/', 1, 1, 1),
    (106, 'Velká cena PRZECHWOZD', 'Přehvozdí', DATE '2026-05-23', TIME '11:00', 'https://ceskybeh.cz/zavody/velka-cena-przechwozd-2026/', 1, 2, 1),
    (107, 'Vrané - Zvole', 'Vrané nad Vltavou', DATE '2026-05-23', TIME '09:30', 'https://ceskybeh.cz/zavody/vrane-zvole-2026/', 1, 2, 1),
    (108, 'Vranovické májové kros', 'Vranovice', DATE '2026-05-23', TIME '09:30', 'https://ceskybeh.cz/zavody/vranovicke-majove-kros-2026/', 2, 2, 1),
    (109, 'Běh pro Paměť národa - Olomouc', 'Olomouc', DATE '2026-05-23', TIME '09:30', 'https://ceskybeh.cz/zavody/beh-pro-pamet-naroda-olomouc-2026/', 2, 1, 1),
    (110, 'Běh pro Paměť národa - Kladno', 'Kladno', DATE '2026-05-23', TIME '09:30', 'https://ceskybeh.cz/zavody/beh-pro-pamet-naroda-kladno-2026/', 2, 1, 1),
    (111, 'Běh pro Paměť národa - Jihlava', 'Jihlava', DATE '2026-05-23', TIME '08:00', 'https://ceskybeh.cz/zavody/beh-pro-pamet-naroda-jihlava-2026/', 2, 1, 1),
    (112, 'Půlmaraton údolím Moravské Sázavy', 'Zábřeh na Moravě', DATE '2026-05-24', TIME '10:30', 'https://ceskybeh.cz/zavody/pulmaraton-udolim-moravske-sazavy-2026/', 3, 1, 1),
    (113, 'Příbramský půlmaraton', 'Příbram', DATE '2026-05-24', TIME '09:00', 'https://ceskybeh.cz/zavody/pribramsky-pulmaraton-2026/', 3, 1, 1),
    (114, 'Běh cestou necestou 13 km Prahou 13', 'Praha 13', DATE '2026-05-24', TIME '08:00', 'https://ceskybeh.cz/zavody/beh-cestou-necestou-13-km-prahou-13-2026/', 3, 1, 1),
    (115, 'Běh pro Paměť národa - Libčice nad Vltavou', 'Libčice nad Vltavou', DATE '2026-05-24', TIME '08:00', 'https://ceskybeh.cz/zavody/beh-pro-pamet-naroda-libcice-nad-vltavou-2026/', 2, 2, 1),
    (116, 'Lesní půlmaraton Říčany', 'Říčany u Prahy', DATE '2026-05-24', TIME '09:00', 'https://ceskybeh.cz/zavody/inov-8-lesni-pulmaraton-ricany-2026/', 3, 2, 1),
    (117, 'Teplýšovický běh', 'Teplýšovice', DATE '2026-05-24', TIME '10:00', 'https://ceskybeh.cz/zavody/teplysovicky-beh-2026/', 3, 2, 1),
    (118, 'Krušnej seběh', 'Nové Hamry', DATE '2026-05-24', TIME '08:30', 'https://ceskybeh.cz/zavody/krusnej-sebeh-2026/', 3, 2, 1),
    (119, 'Beton Race Basic', 'Zábřeh', DATE '2026-05-24', TIME '08:30', 'https://ceskybeh.cz/zavody/beton-race-basic-2026/', 1, 2, 1),
    (120, 'Vysocká pětka - vzpomínka na Jirku S.', 'Vysoká nad Labem', DATE '2026-05-24', TIME '10:30', 'https://ceskybeh.cz/zavody/vysocka-petka-vzpominka-na-jirku-s-2026/', 1, 2, 1),
    (121, 'Suchdol běží', 'Praha 6-Suchdol', DATE '2026-05-24', TIME '10:00', 'https://ceskybeh.cz/zavody/suchdol-bezi-2026/', 1, 1, 1),
    (122, 'Tempo Makers Run Plzeň v Pytli - květen', 'Plzeň', DATE '2026-05-26', TIME '08:30', 'https://ceskybeh.cz/zavody/tempo-makers-run-plzen-v-pytli-kveten-2026/', 2, 1, 1),
    (123, 'Okolo svaté Juliány', 'Praha-Přední Kopanina', DATE '2026-05-26', TIME '10:30', 'https://ceskybeh.cz/zavody/okolo-svate-juliany-2026/', 1, 2, 1),
    (124, '5 a 10 km VAŠÍ LIGY 2026 (6) - květnový', 'Praha 4-Braník', DATE '2026-05-27', TIME '11:00', 'https://ceskybeh.cz/zavody/5-a-10-km-vasi-ligy-2026-6-kvetnovy-2026/', 2, 1, 1),
    (125, 'Koutecká vertikála', 'Kouty nad Desnou', DATE '2026-05-27', TIME '09:00', 'https://ceskybeh.cz/zavody/koutecka-vertikala-2026/', 1, 2, 1),
    (126, 'Triexpert Cup - 3. závod', 'Brno', DATE '2026-05-27', TIME '10:00', 'https://ceskybeh.cz/zavody/triexpert-cup-3-zavod-2026/', 2, 1, 1),
    (127, 'Rasokros', 'Praha 4', DATE '2026-05-27', TIME '10:30', 'https://ceskybeh.cz/zavody/rasokros-2026/', 2, 2, 1),
    (128, 'Tolarova pětka', 'Stříbro', DATE '2026-05-28', TIME '10:30', 'https://ceskybeh.cz/zavody/tolarova-petka-2026/', 1, 1, 1),
    (129, 'Černovírská osmička', 'Olomouc-Černovír', DATE '2026-05-28', TIME '09:30', 'https://ceskybeh.cz/zavody/cernovirska-osmicka-2026/', 2, 2, 1),
    (130, 'Kamenická 15', 'Kamenice', DATE '2026-05-29', TIME '08:00', 'https://ceskybeh.cz/zavody/kamenicka-15-2026/', 3, 1, 1),
    (131, 'Běh mimoňským parkem', 'Mimoň', DATE '2026-05-29', TIME '10:00', 'https://ceskybeh.cz/zavody/beh-mimonskym-parkem-2026/', 3, 1, 1),
    (132, 'Kapličkobraní', 'Ludgeřovice', DATE '2026-05-29', TIME '09:00', 'https://ceskybeh.cz/zavody/kaplickobrani-2026/', 2, 1, 1),
    (133, 'Běh pro Paměť národa - Nové Město na Moravě', 'Nové Město na Moravě', DATE '2026-05-29', TIME '10:00', 'https://ceskybeh.cz/zavody/beh-pro-pamet-naroda-nove-mesto-na-morave-2026/', 2, 1, 1),
    (134, 'Devil''s Challenge - Čertovská výzva - 666 km', 'Hamr na Jezeře', DATE '2026-05-30', TIME '08:00', 'https://ceskybeh.cz/zavody/devil-s-challenge-certovska-vyzva-666-km-2026/', 5, 1, 1),
    (135, 'DOPORUČUJEMEMattoni Running Festival České Budějovice', 'České Budějovice', DATE '2026-05-30', TIME '08:00', 'https://ceskybeh.cz/zavody/mattoni-running-festival-ceske-budejovice-2026/', 3, 1, 1),
    (136, 'Běh přes tři vsi', 'Sedlec u Starého Plzence', DATE '2026-05-30', TIME '10:30', 'https://ceskybeh.cz/zavody/beh-pres-tri-vsi-2026/', 2, 2, 1),
    (137, '1/2Maraton Bělský les', 'Ostrava-Zábřeh', DATE '2026-05-30', TIME '10:00', 'https://ceskybeh.cz/zavody/1-2maraton-belsky-les-2026/', 3, 1, 1),
    (138, 'Běh Emericha Ratha', 'Broumov', DATE '2026-05-30', TIME '10:30', 'https://ceskybeh.cz/zavody/beh-emericha-ratha-2026/', 2, 1, 1),
    (139, 'Ostravské běhny', 'Ostrava', DATE '2026-05-30', TIME '08:30', 'https://ceskybeh.cz/zavody/ostravske-behny-2026/', 1, 1, 1),
    (140, 'Tuháčkův běh', 'Chrást u Příbrami', DATE '2026-05-30', TIME '10:00', 'https://ceskybeh.cz/zavody/tuhackuv-beh-2026/', 2, 1, 1),
    (141, 'Chlum třikrát jinak', 'Plzeň', DATE '2026-05-30', TIME '09:30', 'https://ceskybeh.cz/zavody/chlum-trikrat-jinak-2026/', 1, 2, 1),
    (142, 'Běh ke svatému Jakubovi', 'Ivančice', DATE '2026-05-30', TIME '10:00', 'https://ceskybeh.cz/zavody/beh-ke-svatemu-jakubovi-2026/', 1, 2, 1),
    (143, 'Běh osvobození - Lišanská silniční sedmička', 'Lišany', DATE '2026-05-30', TIME '11:00', 'https://ceskybeh.cz/zavody/beh-osvobozeni-lisanska-silnicni-sedmicka-2026/', 2, 1, 1),
    (144, 'Přespolní běh Říp - Roudnice nad Labem', 'Roudnice nad Labem', DATE '2026-05-30', TIME '08:00', 'https://ceskybeh.cz/zavody/prespolni-beh-rip-roudnice-nad-labem-2026/', 3, 1, 1),
    (145, 'Běh na Děvín', 'Perná', DATE '2026-05-30', TIME '08:00', 'https://ceskybeh.cz/zavody/beh-na-devin-2026/', 2, 2, 1),
    (146, 'Terasy Run', 'Brno', DATE '2026-05-30', TIME '08:00', 'https://ceskybeh.cz/zavody/terasy-run-2026/', 2, 1, 1),
    (147, 'Gladiator Race Ostrava', 'Ostrava', DATE '2026-05-30', TIME '10:30', 'https://ceskybeh.cz/zavody/gladiator-race-ostrava-2026/', 1, 2, 1),
    (148, 'Běžecké závody AC Praha 1890', 'Praha 14', DATE '2026-05-30', TIME '11:00', 'https://ceskybeh.cz/zavody/bezecke-zavody-ac-praha-1890-2026/', 2, 1, 1),
    (149, 'Běh pro Paměť národa - Ostrava', 'Ostrava', DATE '2026-05-30', TIME '10:30', 'https://ceskybeh.cz/zavody/beh-pro-pamet-naroda-ostrava-2026/', 2, 1, 1),
    (150, 'Těchobuzská Sedmička', 'Těchobuz', DATE '2026-05-30', TIME '10:00', 'https://ceskybeh.cz/zavody/techobuzska-sedmicka-2026/', 2, 1, 1),
    (151, 'Běh okolo Jivna o putovní pohár starosty obce', 'Jivno', DATE '2026-05-30', TIME '09:00', 'https://ceskybeh.cz/zavody/beh-okolo-jivna-o-putovni-pohar-starosty-obce-2026/', 2, 1, 1),
    (152, 'Habrkros', 'Habrůvka', DATE '2026-05-30', TIME '09:00', 'https://ceskybeh.cz/zavody/habrkros-2026/', 2, 2, 1),
    (153, 'Zahořanská 10 - běh okolo Pleše', 'Zahořany', DATE '2026-05-31', TIME '08:00', 'https://ceskybeh.cz/zavody/zahoranska-10-beh-okolo-plese-2026/', 2, 2, 1),
    (154, 'Chodsko Grand Prix', 'Klenčí pod Čerchovem', DATE '2026-05-31', TIME '09:30', 'https://ceskybeh.cz/zavody/chodsko-grand-prix-2026/', 2, 1, 1),
    (155, 'Festivalový půlmaraton MONET+ Zlín', 'Zlín', DATE '2026-05-31', TIME '08:00', 'https://ceskybeh.cz/zavody/festivalovy-pulmaraton-monet-zlin-2026/', 3, 1, 1),
    (156, 'Hněvošická desítka', 'Hněvošice', DATE '2026-05-31', TIME '09:30', 'https://ceskybeh.cz/zavody/hnevosicka-desitka-2026/', 2, 1, 1),
    (157, 'Běžím Krušnohořím Lesná', 'Lesná', DATE '2026-05-31', TIME '10:30', 'https://ceskybeh.cz/zavody/bezim-krusnohorim-lesna-2026/', 4, 2, 1),
    (158, 'Běh mezi náměstími', 'Frýdek-Místek', DATE '2026-05-31', TIME '10:00', 'https://ceskybeh.cz/zavody/beh-mezi-namestimi-2026/', 1, 1, 1),
    (159, 'Maraton a půlmaraton okolo Hracholuské přehrady', 'Stříbro', DATE '2026-05-31', TIME '09:30', 'https://ceskybeh.cz/zavody/maraton-a-pulmaraton-okolo-hracholuske-prehrady-2026/', 4, 1, 1),
    (160, 'Mezinárodní běh Měška a Doubravky', 'Meziměstí', DATE '2026-05-31', TIME '08:00', 'https://ceskybeh.cz/zavody/mezinarodni-beh-meska-a-doubravky-2026/', 3, 1, 1),
    (161, 'Běžecká série Berounka - Zadní Třebaň', 'Zadní Třebaň', DATE '2026-06-01', TIME '10:30', 'https://ceskybeh.cz/zavody/bezecka-serie-berounka-zadni-treban-2026/', 2, 2, 1),
    (162, 'Běh Advenťáka - Plzeň', 'Plzeň', DATE '2026-06-02', TIME '09:00', 'https://ceskybeh.cz/zavody/beh-adventaka-plzen-2026/', 2, 1, 1),
    (163, 'Běh Advenťáka - Praha', 'Praha', DATE '2026-06-03', TIME '08:00', 'https://ceskybeh.cz/zavody/beh-adventaka-praha-2026/', 2, 1, 1),
    (164, 'Štafeta 4 x 5 km v Braníku VAŠÍ LIGY 2026', 'Praha 4-Braník', DATE '2026-06-03', TIME '09:30', 'https://ceskybeh.cz/zavody/stafeta-4-x-5-km-v-braniku-vasi-ligy-2026-2026/', 1, 1, 1),
    (165, 'Hraběšický kros', 'Hraběšice', DATE '2026-06-03', TIME '09:00', 'https://ceskybeh.cz/zavody/hrabesicky-kros-2026/', 2, 2, 1),
    (166, 'Triexpert Cup - 4. závod', 'Brno', DATE '2026-06-03', TIME '10:30', 'https://ceskybeh.cz/zavody/triexpert-cup-4-zavod-2026/', 2, 1, 1),
    (167, 'Krčská 12', 'Praha 4', DATE '2026-06-03', TIME '08:00', 'https://ceskybeh.cz/zavody/krcska-12-2026/', 3, 1, 1),
    (168, 'Žďárák - Okolo Peperku', 'Najdek', DATE '2026-06-03', TIME '09:30', 'https://ceskybeh.cz/zavody/zdarak-okolo-peperku-2026/', 2, 2, 1),
    (169, 'Pohár města Třemošnice', 'Třemošnice', DATE '2026-06-03', TIME '09:30', 'https://ceskybeh.cz/zavody/pohar-mesta-tremosnice-2026/', 2, 1, 1),
    (170, 'Epi(c) run', 'Praha', DATE '2026-06-03', TIME '11:00', 'https://ceskybeh.cz/zavody/epi-c-run-2026/', 1, 1, 1),
    (171, 'Běh na Vysoký vrch', 'Malé Kyšice', DATE '2026-06-04', TIME '09:30', 'https://ceskybeh.cz/zavody/beh-na-velky-vrch-2025/', 1, 2, 1),
    (172, '4. Běh pro zdraví', 'Karviná', DATE '2026-06-04', TIME '08:30', 'https://ceskybeh.cz/zavody/4-beh-pro-zdravi-2026/', 1, 1, 1),
    (173, 'Rozkvetlá Kaštanka', 'Lhota', DATE '2026-06-04', TIME '10:00', 'https://ceskybeh.cz/zavody/rozkvetla-kastanka-2026/', 2, 1, 1),
    (174, 'Okolo Trpaslíka v Hybrálci', 'Jihlava', DATE '2026-06-05', TIME '11:00', 'https://ceskybeh.cz/zavody/okolo-trpaslika-v-hybralci-2026/', 2, 1, 1),
    (175, 'Valašské kilo', 'Valašské Meziříčí', DATE '2026-06-05', TIME '08:00', 'https://ceskybeh.cz/zavody/valasske-kilo-2026/', 5, 1, 1),
    (176, 'Dopesace Backyard Ultra', 'Aš', DATE '2026-06-05', TIME '10:30', 'https://ceskybeh.cz/zavody/dopesace-backyard-ultra-2026/', 2, 1, 1),
    (177, 'Trutnovská 10', 'Trutnov', DATE '2026-06-06', TIME '09:00', 'https://ceskybeh.cz/zavody/trutnovska-10-2026/', 2, 1, 1),
    (178, 'Čertovskej ultratrail', 'Hamr na Jezeře', DATE '2026-06-06', TIME '08:30', 'https://ceskybeh.cz/zavody/certovskej-ultratrail-2026/', 5, 2, 1),
    (179, 'Z Hejnic do Pekla', 'Hejnice u Liberce', DATE '2026-06-06', TIME '11:00', 'https://ceskybeh.cz/zavody/z-hejnic-do-pekla-2026/', 3, 1, 1),
    (180, 'Běh na Kohout a zpět', 'Besednice', DATE '2026-06-06', TIME '09:30', 'https://ceskybeh.cz/zavody/beh-na-kohout-a-zpet-2026/', 2, 2, 1),
    (181, 'Barvám Neutečeš Ústí nad Labem', 'Ústí nad Labem', DATE '2026-06-06', TIME '10:00', 'https://ceskybeh.cz/zavody/barvam-neuteces-usti-nad-labem-2026/', 1, 1, 1),
    (182, '2 míle s úsměvem Zlín - červen', 'Zlín', DATE '2026-06-06', TIME '10:30', 'https://ceskybeh.cz/zavody/2-mile-s-usmevem-zlin-cerven-2026/', 1, 1, 1),
    (183, 'Běh na Čerchov', 'Klenčí pod Čerchovem', DATE '2026-06-06', TIME '08:30', 'https://ceskybeh.cz/zavody/beh-na-cerchov-2026/', 2, 2, 1),
    (184, 'Běh okolo Hostěnic', 'Hostěnice', DATE '2026-06-06', TIME '10:00', 'https://ceskybeh.cz/zavody/beh-okolo-hostenic-2026/', 1, 1, 1),
    (185, '5, 10, 21 km trail okolo hory pro každého', 'Vysoká u Valašského Meziřičí', DATE '2026-06-06', TIME '09:30', 'https://ceskybeh.cz/zavody/5-10-21-km-trail-okolo-hory-pro-kazdeho-2026/', 3, 2, 1),
    (186, 'Běh dobroučským krajem', 'Dolní Dobrouč', DATE '2026-06-06', TIME '09:00', 'https://ceskybeh.cz/zavody/beh-dobroucskym-krajem-2026/', 2, 2, 1),
    (187, 'DOPORUČUJEMENN Prague Run', 'Praha 7', DATE '2026-06-06', TIME '09:00', 'https://ceskybeh.cz/zavody/nn-prague-run-2026/', 3, 1, 1),
    (188, 'Běháme pro radost - Help4Africa', 'Smidary', DATE '2026-06-06', TIME '10:30', 'https://ceskybeh.cz/zavody/behame-pro-radost-help4africa-2026/', 2, 1, 1),
    (189, 'Kilpi Heroes Run - trail + OCR', 'Hradec nad Moravicí', DATE '2026-06-06', TIME '10:30', 'https://ceskybeh.cz/zavody/kilpi-heroes-run-trail-ocr-2026/', 2, 2, 1),
    (190, 'Jentak-race', 'Dolní Beřkovice', DATE '2026-06-06', TIME '10:00', 'https://ceskybeh.cz/zavody/jentak-race-2026/', 1, 2, 1),
    (191, 'Skřipovská litačka', 'Skřipov u Opavy', DATE '2026-06-06', TIME '08:00', 'https://ceskybeh.cz/zavody/skripovska-litacka-2026/', 2, 1, 1),
    (192, 'Skalický běh a dětský den', 'Skalice', DATE '2026-06-06', TIME '08:00', 'https://ceskybeh.cz/zavody/skalicky-beh-a-detsky-den-2026/', 2, 1, 1),
    (193, 'Sokolský běh pro zdraví (Běh naděje)', 'Benátky nad Jizerou', DATE '2026-06-06', TIME '08:30', 'https://ceskybeh.cz/zavody/sokolsky-beh-pro-zdravi-beh-nadeje-2026/', 1, 1, 1),
    (194, 'Happy run', 'Studenec u Třebíče', DATE '2026-06-06', TIME '10:30', 'https://ceskybeh.cz/zavody/happy-run-bezime-pro-viktorka-2026/', 2, 1, 1),
    (195, 'Kounovský kros', 'Kounov u Dobrušky', DATE '2026-06-06', TIME '08:00', 'https://ceskybeh.cz/zavody/kounovsky-kros-2026/', 2, 2, 1),
    (196, 'Řepočetův výběh', 'Rokytnice nad Jizerou', DATE '2026-06-06', TIME '08:00', 'https://ceskybeh.cz/zavody/repocetuv-vybeh-2026/', 3, 1, 1),
    (197, 'Skalecký kros', 'Mníšek pod Brdy', DATE '2026-06-07', TIME '11:00', 'https://ceskybeh.cz/zavody/skalecky-kros-2026/', 2, 2, 1),
    (198, '2 míle s úsměvem Olomouc - červen', 'Olomouc', DATE '2026-06-07', TIME '10:30', 'https://ceskybeh.cz/zavody/2-mile-s-usmevem-olomouc-cerven-2026/', 1, 1, 1),
    (199, 'Červenkovská desítka', 'Červenka', DATE '2026-06-07', TIME '08:30', 'https://ceskybeh.cz/zavody/cervenkovska-desitka-2026/', 2, 1, 1),
    (200, 'Milada Run', 'Chabařovice', DATE '2026-06-07', TIME '08:30', 'https://ceskybeh.cz/zavody/milada-run-2026/', 3, 1, 1),
    (201, 'DOPORUČUJEMEKonopišťská desítka', 'Benešov u Prahy', DATE '2026-06-07', TIME '08:00', 'https://ceskybeh.cz/zavody/konopistska-desitka-2026/', 2, 1, 1),
    (202, 'Bolfánek třikrát jinak', 'Žďár u Chudenic', DATE '2026-06-07', TIME '08:30', 'https://ceskybeh.cz/zavody/bolfanek-trikrat-jinak-2026/', 1, 2, 1),
    (203, 'Mnichovohradišťská patnáctka - memoriál Ing. Josefa Hrona', 'Mnichovo Hradiště', DATE '2026-06-07', TIME '09:00', 'https://ceskybeh.cz/zavody/mnichovohradistska-patnactka-memorial-ing-josefa-hrona-2026/', 3, 1, 1),
    (204, 'Mnichovická běhna', 'Mnichovice', DATE '2026-06-07', TIME '09:30', 'https://ceskybeh.cz/zavody/mnichovicka-behna-2026/', 2, 2, 1),
    (205, 'Chotucká šlapka', 'Křinec', DATE '2026-06-07', TIME '10:00', 'https://ceskybeh.cz/zavody/chotucka-slapka-2026/', 2, 2, 1),
    (206, 'Běh Advenťáka - Brno', 'Brno', DATE '2026-06-09', TIME '08:00', 'https://ceskybeh.cz/zavody/beh-adventaka-brno-2026/', 2, 1, 1),
    (207, 'Pivní míle Heřmanův Městec', 'Heřmanův Městec', DATE '2026-06-09', TIME '09:00', 'https://ceskybeh.cz/zavody/pivni-mile-hermanuv-mestec-2026/', 2, 1, 1),
    (208, 'Běh pro Zuzanku', 'Praha 4', DATE '2026-06-09', TIME '10:00', 'https://ceskybeh.cz/zavody/beh-pro-zuzanku-2026/', 2, 2, 1),
    (209, 'Otevřený přebor SABZO v přespolním běhu', 'Praha 4', DATE '2026-06-09', TIME '10:00', 'https://ceskybeh.cz/zavody/otevreny-prebor-sabzo-v-prespolnim-behu-2026/', 1, 2, 1),
    (210, 'Běh Advenťáka - Ostrava', 'Ostrava', DATE '2026-06-10', TIME '11:00', 'https://ceskybeh.cz/zavody/beh-adventaka-ostrava-2026/', 2, 1, 1),
    (211, 'Trail Zlíchovskými vyhlídkami VAŠÍ LIGY 2026', 'Praha-Zlíchov', DATE '2026-06-10', TIME '08:30', 'https://ceskybeh.cz/zavody/trail-zlichovskymi-vyhlidkami-vasi-ligy-2026-2026/', 3, 2, 1),
    (212, 'Triexpert Cup - 5. závod', 'Brno', DATE '2026-06-10', TIME '11:00', 'https://ceskybeh.cz/zavody/triexpert-cup-5-zavod-2026/', 2, 1, 1),
    (213, 'Žďárák - Žďárská míle', 'Žďár nad Sázavou', DATE '2026-06-10', TIME '11:00', 'https://ceskybeh.cz/zavody/zdarak-zdarska-mile-2026/', 1, 3, 1),
    (214, 'Červnová Krásná Morava', 'Olomouc-Hejčín', DATE '2026-06-11', TIME '10:30', 'https://ceskybeh.cz/zavody/cervnova-krasna-morava-2026/', 2, 1, 1),
    (215, 'Yellow Ribbon Run', 'Praha 6', DATE '2026-06-11', TIME '09:30', 'https://ceskybeh.cz/zavody/yellow-ribbon-run-2026/', 1, 1, 1),
    (216, 'Lysolajský běh', 'Praha 6-Lysolaje', DATE '2026-06-11', TIME '10:00', 'https://ceskybeh.cz/zavody/lysolajsky-beh-2026/', 1, 1, 1),
    (217, 'Army Urban Challenge Žatec', 'Žatec', DATE '2026-06-12', TIME '08:00', 'https://ceskybeh.cz/zavody/army-urban-challenge-zatec-2026/', 2, 2, 1),
    (218, 'Přes tři hráze Opatov', 'Opatov', DATE '2026-06-12', TIME '10:30', 'https://ceskybeh.cz/zavody/pres-tri-hraze-opatov-2026/', 2, 1, 1),
    (219, 'DOPORUČUJEMEMattoni Running Festival Olomouc', 'Olomouc', DATE '2026-06-13', TIME '09:00', 'https://ceskybeh.cz/zavody/mattoni-running-festival-olomouc-2026/', 3, 1, 1),
    (220, 'Run Labe Run', 'Špindlerův Mlýn', DATE '2026-06-13', TIME '10:00', 'https://ceskybeh.cz/zavody/run-labe-run-2026/', 5, 1, 1),
    (221, 'Hradecký koloběh', 'Hradec Králové', DATE '2026-06-13', TIME '08:00', 'https://ceskybeh.cz/zavody/hradecky-kolobeh-2026/', 3, 1, 1),
    (222, 'Jinecký kros', 'Jince', DATE '2026-06-13', TIME '10:30', 'https://ceskybeh.cz/zavody/jinecky-kros-2026/', 1, 1, 1),
    (223, 'Horem dolem Chospilem', 'Postřekov', DATE '2026-06-13', TIME '09:00', 'https://ceskybeh.cz/zavody/horem-dolem-chospilem-2026/', 2, 2, 1),
    (224, 'Jindřichohradecký půlmaraton', 'Jindřichův Hradec', DATE '2026-06-13', TIME '08:30', 'https://ceskybeh.cz/zavody/jindrichohradecky-pulmaraton-2026/', 3, 1, 1),
    (225, 'LEKI JEŠTĚD SUMMER - Running Weekend', 'Liberec', DATE '2026-06-13', TIME '10:30', 'https://ceskybeh.cz/zavody/leki-jested-summer-running-weekend-2026/', 4, 2, 1),
    (226, 'LEKI JEŠTĚD SUMMER', 'Liberec', DATE '2026-06-13', TIME '09:00', 'https://ceskybeh.cz/zavody/leki-jested-summer-2026/', 3, 2, 1),
    (227, 'Neveklovské běhy', 'Neveklov', DATE '2026-06-13', TIME '09:30', 'https://ceskybeh.cz/zavody/neveklovske-behy-2026/', 1, 1, 1),
    (228, '7 pohoří Jeseníky', 'Dolní Morava', DATE '2026-06-13', TIME '10:30', 'https://ceskybeh.cz/zavody/7-pohori-jeseniky-2026/', 4, 2, 1),
    (229, 'Okrouhelský běh', 'Okrouhlá', DATE '2026-06-13', TIME '11:00', 'https://ceskybeh.cz/zavody/okrouhelsky-beh-2026/', 2, 1, 1),
    (230, 'Velká Jesenická', 'Jesenice', DATE '2026-06-13', TIME '09:00', 'https://ceskybeh.cz/zavody/velka-jesenicka-2026/', 2, 1, 1),
    (231, 'Extrem Run 5Hills', 'Vojtanov', DATE '2026-06-13', TIME '09:00', 'https://ceskybeh.cz/zavody/extrem-run-5hills-2026/', 5, 2, 1),
    (232, 'Běh na Pajrek', 'Nýrsko', DATE '2026-06-13', TIME '11:00', 'https://ceskybeh.cz/zavody/beh-na-pajrek-2026/', 2, 2, 1),
    (233, 'Ludgeřovický šus', 'Ludgeřovice', DATE '2026-06-13', TIME '10:30', 'https://ceskybeh.cz/zavody/ludgerovicky-sus-2026/', 1, 1, 1),
    (234, 'Přespolní běh areálem zdraví Chábory', 'Chábory u Dobrušky', DATE '2026-06-14', TIME '10:30', 'https://ceskybeh.cz/zavody/prespolni-beh-arealem-zdravi-chabory-2026/', 2, 1, 1),
    (235, 'Chaloupecký kros', 'Chaloupky u Komárova', DATE '2026-06-14', TIME '10:30', 'https://ceskybeh.cz/zavody/chaloupecky-kros-2026/', 2, 2, 1),
    (236, 'Běh zámeckým parkem Kravaře', 'Kravaře', DATE '2026-06-14', TIME '11:00', 'https://ceskybeh.cz/zavody/beh-zameckym-parkem-kravare-2026/', 2, 1, 1),
    (237, 'Trail Running Cup - Půlmaraton okolo Prahy 4', 'Praha 4', DATE '2026-06-14', TIME '08:00', 'https://ceskybeh.cz/zavody/trail-running-cup-pulmaraton-okolo-prahy-4-2026/', 3, 1, 1),
    (238, 'Běh Lapákem', 'Kladno', DATE '2026-06-14', TIME '09:30', 'https://ceskybeh.cz/zavody/beh-lapakem-2026/', 2, 1, 1),
    (239, 'Běh na Hraničář', 'Nýrsko', DATE '2026-06-14', TIME '09:30', 'https://ceskybeh.cz/zavody/beh-na-hranicar-2026/', 1, 2, 1),
    (240, 'Dobývání Dívčích hradů', 'Praha 5-Hlubočepy', DATE '2026-06-14', TIME '11:00', 'https://ceskybeh.cz/zavody/dobyvani-divcich-hradu-2026/', 1, 2, 1),
    (241, 'MAX FITNESS RUN', 'Plzeň', DATE '2026-06-14', TIME '08:30', 'https://ceskybeh.cz/zavody/max-fitness-run-2026/', 3, 1, 1),
    (242, 'DOPORUČUJEMEUniCredit Pražská štafeta', 'Praha 7', DATE '2026-06-16', TIME '10:30', 'https://ceskybeh.cz/zavody/unicredit-prazska-stafeta-2026/', 1, 1, 1),
    (243, 'Kros Otakara Pachmanna', 'Praha 4', DATE '2026-06-16', TIME '09:30', 'https://ceskybeh.cz/zavody/kros-otakara-pachmanna-2026/', 1, 2, 1),
    (244, 'Ludgeřovická stíhačka', 'Ludgeřovice', DATE '2026-06-16', TIME '09:00', 'https://ceskybeh.cz/zavody/ludgerovicka-stihacka-2026/', 2, 1, 1),
    (245, 'Běh olympijského dne', 'Zlín', DATE '2026-06-17', TIME '09:00', 'https://ceskybeh.cz/zavody/beh-olympijskeho-dne-2026/', 1, 3, 1),
    (246, '401. Malá cena Monaka', 'Slatiňany', DATE '2026-06-17', TIME '10:30', 'https://ceskybeh.cz/zavody/401-mala-cena-monaka-2026/', 2, 2, 1),
    (247, 'Olympijský běh - Zlín', 'Zlín', DATE '2026-06-17', TIME '11:00', 'https://ceskybeh.cz/zavody/olympijsky-beh-zlin-2026/', 1, 1, 1),
    (248, 'Triexpert Cup - 6. závod', 'Brno', DATE '2026-06-17', TIME '08:00', 'https://ceskybeh.cz/zavody/triexpert-cup-6-zavod-2026/', 2, 1, 1),
    (249, 'Olympijský běh - Bakov nad Jizerou', 'Bakov nad Jizerou', DATE '2026-06-17', TIME '10:00', 'https://ceskybeh.cz/zavody/olympijsky-beh-bakov-nad-jizerou-2026/', 1, 1, 1),
    (250, 'Olympijský běh - Bedřichov', 'Bedřichov v Jizerských horách', DATE '2026-06-17', TIME '08:30', 'https://ceskybeh.cz/zavody/olympijsky-beh-bedrichov-2026/', 1, 1, 1),
    (251, 'Olympijský běh - Benešov nad Ploučnicí', 'Benešov nad Ploučnicí', DATE '2026-06-17', TIME '10:30', 'https://ceskybeh.cz/zavody/olympijsky-beh-benesov-nad-ploucnici-2026/', 1, 1, 1),
    (252, 'Olympijský běh - Benešov', 'Benešov', DATE '2026-06-17', TIME '08:30', 'https://ceskybeh.cz/zavody/olympijsky-beh-benesov-2026/', 1, 1, 1),
    (253, 'Olympijský běh - Brloh', 'Brloh', DATE '2026-06-17', TIME '11:00', 'https://ceskybeh.cz/zavody/olympijsky-beh-brloh-2026/', 1, 1, 1),
    (254, 'Olympijský běh - Brno', 'Brno', DATE '2026-06-17', TIME '09:00', 'https://ceskybeh.cz/zavody/olympijsky-beh-brno-2026/', 1, 1, 1),
    (255, 'Olympijský běh - Budyně nad Ohří', 'Budyně nad Ohří', DATE '2026-06-17', TIME '08:30', 'https://ceskybeh.cz/zavody/olympijsky-beh-budyne-nad-ohri-2026/', 1, 1, 1),
    (256, 'Olympijský běh - Bystřice pod Hostýnem', 'Bystřice pod Hostýnem', DATE '2026-06-17', TIME '11:00', 'https://ceskybeh.cz/zavody/olympijsky-beh-bystrice-pod-hostynem-2026/', 1, 1, 1),
    (257, 'Olympijský běh - Bzenec', 'Bzenec', DATE '2026-06-17', TIME '10:00', 'https://ceskybeh.cz/zavody/olympijsky-beh-bzenec-2026/', 2, 1, 1),
    (258, 'Olympijský běh - Čelákovice', 'Čelákovice', DATE '2026-06-17', TIME '11:00', 'https://ceskybeh.cz/zavody/olympijsky-beh-celakovice-2026/', 2, 1, 1),
    (259, 'Olympijský běh - Červená Lhota', 'Červená Lhota', DATE '2026-06-17', TIME '10:30', 'https://ceskybeh.cz/zavody/olympijsky-beh-cervena-lhota-2026/', 2, 1, 1),
    (260, 'Olympijský běh - Červené Pečky', 'Červené Pečky', DATE '2026-06-17', TIME '10:30', 'https://ceskybeh.cz/zavody/olympijsky-beh-cervene-pecky-2026/', 1, 1, 1),
    (261, 'Olympijský běh - Česká Lípa', 'Česká Lípa', DATE '2026-06-17', TIME '10:30', 'https://ceskybeh.cz/zavody/olympijsky-beh-ceska-lipa-2026/', 1, 1, 1),
    (262, 'Olympijský běh - Česká Skalice', 'Česká Skalice', DATE '2026-06-17', TIME '08:30', 'https://ceskybeh.cz/zavody/olympijsky-beh-ceska-skalice-2026/', 1, 1, 1),
    (263, 'Olympijský běh - České Budějovice', 'České Budějovice', DATE '2026-06-17', TIME '10:00', 'https://ceskybeh.cz/zavody/olympijsky-beh-ceske-budejovice-2026/', 2, 1, 1),
    (264, 'Olympijský běh - Dačice', 'Dačice', DATE '2026-06-17', TIME '10:00', 'https://ceskybeh.cz/zavody/olympijsky-beh-dacice-2026/', 2, 1, 1),
    (265, 'Olympijský běh - Děčín', 'Děčín', DATE '2026-06-17', TIME '08:30', 'https://ceskybeh.cz/zavody/olympijsky-beh-decin-2026/', 1, 1, 1),
    (266, 'Olympijský běh - Dřevěnice', 'Dřevěnice', DATE '2026-06-17', TIME '08:00', 'https://ceskybeh.cz/zavody/olympijsky-beh-drevenice-2026/', 1, 1, 1),
    (267, 'Olympijský běh - Háj ve Slezsku', 'Háj ve Slezsku', DATE '2026-06-17', TIME '10:00', 'https://ceskybeh.cz/zavody/t-mobile-olympijsky-beh-haj-ve-slezsku-2026/', 2, 1, 1),
    (268, 'Olympijský běh - Havířov', 'Havířov', DATE '2026-06-17', TIME '11:00', 'https://ceskybeh.cz/zavody/olympijsky-beh-havirov-2026/', 1, 1, 1),
    (269, 'Olympijský běh - Hluboké Mašůvky', 'Hluboké Mašůvky', DATE '2026-06-17', TIME '10:00', 'https://ceskybeh.cz/zavody/olympijsky-beh-hluboke-masuvky-2026/', 1, 1, 1),
    (270, 'Olympijský běh - Holešov', 'Holešov', DATE '2026-06-17', TIME '08:30', 'https://ceskybeh.cz/zavody/olympijsky-beh-holesov-2026/', 1, 1, 1),
    (271, 'Olympijský běh - Holetín', 'Holetín', DATE '2026-06-17', TIME '08:30', 'https://ceskybeh.cz/zavody/olympijsky-beh-holetin-2026/', 2, 1, 1),
    (272, 'Olympijský běh - Horní Jelení', 'Horní Jelení', DATE '2026-06-17', TIME '08:00', 'https://ceskybeh.cz/zavody/olympijsky-beh-horni-jeleni-2026/', 1, 1, 1),
    (273, 'Olympijský běh - Horoměřice', 'Horoměřice', DATE '2026-06-17', TIME '08:30', 'https://ceskybeh.cz/zavody/olympijsky-beh-horomerice-2026/', 2, 1, 1),
    (274, 'Olympijský běh - Hradec Králové', 'Hradec Králové', DATE '2026-06-17', TIME '09:30', 'https://ceskybeh.cz/zavody/olympijsky-beh-hradec-kralove-2026/', 1, 1, 1),
    (275, 'Olympijský běh - Hudčice', 'Hudčice', DATE '2026-06-17', TIME '09:00', 'https://ceskybeh.cz/zavody/olympijsky-beh-hudcice-2026/', 1, 1, 1),
    (276, 'Olympijský běh - Chlumec nad Cidlinou', 'Chlumec nad Cidlinou', DATE '2026-06-17', TIME '09:00', 'https://ceskybeh.cz/zavody/olympijsky-beh-chlumec-nad-cidlinou-2026/', 1, 1, 1),
    (277, 'Olympijský běh - Chomutov', 'Chomutov', DATE '2026-06-17', TIME '11:00', 'https://ceskybeh.cz/zavody/olympijsky-beh-chomutov-2026/', 2, 1, 1),
    (278, 'Olympijský běh - Chotiměř', 'Chotiměř', DATE '2026-06-17', TIME '08:30', 'https://ceskybeh.cz/zavody/olympijsky-beh-chotimer-2026/', 1, 1, 1),
    (279, 'Olympijský běh - Ivančice', 'Ivančice', DATE '2026-06-17', TIME '11:00', 'https://ceskybeh.cz/zavody/olympijsky-beh-ivancice-2026/', 1, 1, 1),
    (280, 'Olympijský běh - Jihlava', 'Jihlava', DATE '2026-06-17', TIME '09:30', 'https://ceskybeh.cz/zavody/olympijsky-beh-jihlava-2026/', 2, 1, 1),
    (281, 'Olympijský běh - Kamenice', 'Kamenice', DATE '2026-06-17', TIME '11:00', 'https://ceskybeh.cz/zavody/olympijsky-beh-kamenice-2026/', 1, 1, 1),
    (282, 'Olympijský běh - Karviná', 'Karviná', DATE '2026-06-17', TIME '10:00', 'https://ceskybeh.cz/zavody/olympijsky-beh-karvina-2026/', 1, 1, 1),
    (283, 'Olympijský běh - Klášterec nad Orlicí', 'Klášterec nad Orlicí', DATE '2026-06-17', TIME '10:00', 'https://ceskybeh.cz/zavody/olympijsky-beh-klasterec-nad-orlici-2026/', 2, 1, 1),
    (284, 'Olympijský běh - Kolín', 'Kolín', DATE '2026-06-17', TIME '10:00', 'https://ceskybeh.cz/zavody/olympijsky-beh-kolin-2026/', 1, 1, 1),
    (285, 'Olympijský běh - Kralice nad Oslavou', 'Kralice nad Oslavou', DATE '2026-06-17', TIME '09:00', 'https://ceskybeh.cz/zavody/olympijsky-beh-kralice-nad-oslavou-2026/', 1, 1, 1),
    (286, 'Olympijský běh - Krnov', 'Krnov', DATE '2026-06-17', TIME '09:30', 'https://ceskybeh.cz/zavody/olympijsky-beh-krnov-2026/', 1, 1, 1),
    (287, 'Olympijský běh - Krymlov', 'Krymlov', DATE '2026-06-17', TIME '08:00', 'https://ceskybeh.cz/zavody/olympijsky-beh-krymlov-2026/', 2, 1, 1),
    (288, 'Olympijský běh - Kunice', 'Kunice', DATE '2026-06-17', TIME '10:30', 'https://ceskybeh.cz/zavody/olympijsky-beh-kunice-2026/', 2, 1, 1),
    (289, 'Olympijský běh - Lelekovice', 'Lelekovice', DATE '2026-06-17', TIME '10:30', 'https://ceskybeh.cz/zavody/olympijsky-beh-lelekovice-2026/', 1, 1, 1),
    (290, 'Olympijský běh - Liberec', 'Liberec', DATE '2026-06-17', TIME '08:30', 'https://ceskybeh.cz/zavody/olympijsky-beh-liberec-2026/', 1, 1, 1),
    (291, 'Olympijský běh - Líbeznice', 'Líbeznice', DATE '2026-06-17', TIME '11:00', 'https://ceskybeh.cz/zavody/olympijsky-beh-libeznice-2026/', 1, 1, 1),
    (292, 'Olympijský běh - Lovosice', 'Lovosice', DATE '2026-06-17', TIME '09:30', 'https://ceskybeh.cz/zavody/olympijsky-beh-lovosice-2026/', 2, 1, 1),
    (293, 'Olympijský běh - Mělník', 'Mělník', DATE '2026-06-17', TIME '10:30', 'https://ceskybeh.cz/zavody/olympijsky-beh-melnik-2026/', 2, 1, 1),
    (294, 'Olympijský běh - Město Touškov', 'Město Touškov', DATE '2026-06-17', TIME '11:00', 'https://ceskybeh.cz/zavody/olympijsky-beh-mesto-touskov-2026/', 1, 1, 1),
    (295, 'Olympijský běh - Miskovice', 'Miskovice', DATE '2026-06-17', TIME '08:00', 'https://ceskybeh.cz/zavody/olympijsky-beh-miskovice-2026/', 1, 1, 1),
    (296, 'Olympijský běh - Moravské Budějovice', 'Moravské Budějovice', DATE '2026-06-17', TIME '10:30', 'https://ceskybeh.cz/zavody/olympijsky-beh-moravske-budejovice-2026/', 1, 1, 1),
    (297, 'Olympijský běh - Most', 'Most', DATE '2026-06-17', TIME '11:00', 'https://ceskybeh.cz/zavody/olympijsky-beh-most-2026/', 2, 1, 1),
    (298, 'Olympijský běh - Neratovice', 'Neratovice', DATE '2026-06-17', TIME '10:00', 'https://ceskybeh.cz/zavody/olympijsky-beh-neratovice-2026/', 1, 1, 1),
    (299, 'Olympijský běh - Olomouc', 'Olomouc', DATE '2026-06-17', TIME '11:00', 'https://ceskybeh.cz/zavody/olympijsky-beh-olomouc-2026/', 2, 1, 1),
    (300, 'Olympijský běh - Olomouc Neředín', 'Olomouc-Neředín', DATE '2026-06-17', TIME '10:00', 'https://ceskybeh.cz/zavody/olympijsky-beh-olomouc-neredin-2026/', 1, 1, 1),
    (301, 'Olympijský běh - Opava Suché Lazce', 'Opava-Suché Lazce', DATE '2026-06-17', TIME '10:00', 'https://ceskybeh.cz/zavody/olympijsky-beh-opava-suche-lazce-2026/', 1, 1, 1),
    (302, 'Olympijský běh - Ostrava Hošťálkovice', 'Ostrava-Hošťálkovice', DATE '2026-06-17', TIME '09:30', 'https://ceskybeh.cz/zavody/olympijsky-beh-ostrava-hostalkovice-2026/', 2, 1, 1),
    (303, 'Olympijský běh - Ostrava Komenského sady', 'Ostrava', DATE '2026-06-17', TIME '08:30', 'https://ceskybeh.cz/zavody/olympijsky-beh-ostrava-komenskeho-sady-2026/', 2, 1, 1),
    (304, 'Olympijský běh - Ostrava Poruba', 'Ostrava-Poruba', DATE '2026-06-17', TIME '11:00', 'https://ceskybeh.cz/zavody/olympijsky-beh-ostrava-poruba-2026/', 2, 1, 1),
    (305, 'Olympijský běh - Ostrov u Karlových Varů', 'Ostrov u Karlových Varů', DATE '2026-06-17', TIME '10:30', 'https://ceskybeh.cz/zavody/olympijsky-beh-ostrov-u-karlovych-varu-2026/', 1, 1, 1),
    (306, 'Olympijský běh - Palkovice', 'Palkovice', DATE '2026-06-17', TIME '09:00', 'https://ceskybeh.cz/zavody/olympijsky-beh-palkovice-2026/', 1, 1, 1),
    (307, 'Olympijský běh - Pardubice', 'Pardubice', DATE '2026-06-17', TIME '08:30', 'https://ceskybeh.cz/zavody/olympijsky-beh-pardubice-2026/', 1, 1, 1),
    (308, 'Olympijský běh - Pelhřimov', 'Pelhřimov', DATE '2026-06-17', TIME '10:30', 'https://ceskybeh.cz/zavody/olympijsky-beh-pelhrimov-2026/', 2, 1, 1),
    (309, 'Olympijský běh - Praha Královka', 'Praha 6-Břevnov', DATE '2026-06-17', TIME '09:00', 'https://ceskybeh.cz/zavody/olympijsky-beh-praha-kralovka-2026/', 1, 1, 1),
    (310, 'Olympijský běh - Praha Petřín', 'Praha 5', DATE '2026-06-17', TIME '08:30', 'https://ceskybeh.cz/zavody/olympijsky-beh-praha-petrin-2026/', 1, 1, 1),
    (311, 'Olympijský běh - Praha Ladronka', 'Praha 6', DATE '2026-06-17', TIME '11:00', 'https://ceskybeh.cz/zavody/olympijsky-beh-praha-ladronka-2026/', 2, 1, 1),
    (312, 'Olympijský běh - Praha Letná', 'Praha 7', DATE '2026-06-17', TIME '10:00', 'https://ceskybeh.cz/zavody/zlaty-olympijsky-beh-praha-letna-2026/', 2, 1, 1),
    (313, 'Olympijský běh - Praha Satalice', 'Praha 9-Satalice', DATE '2026-06-17', TIME '08:00', 'https://ceskybeh.cz/zavody/olympijsky-beh-praha-satalice-2026/', 1, 1, 1),
    (314, 'Olympijský běh - Rožnov pod Radhoštěm', 'Rožnov pod Radhoštěm', DATE '2026-06-17', TIME '09:30', 'https://ceskybeh.cz/zavody/olympijsky-beh-roznov-pod-radhostem-2026/', 1, 1, 1),
    (315, 'Olympijský běh - Rychnov nad Kněžnou', 'Rychnov nad Kněžnou', DATE '2026-06-17', TIME '08:30', 'https://ceskybeh.cz/zavody/olympijsky-beh-rychnov-nad-kneznou-2026/', 1, 1, 1),
    (316, 'Olympijský běh - Strakonice', 'Strakonice', DATE '2026-06-17', TIME '08:00', 'https://ceskybeh.cz/zavody/olympijsky-beh-strakonice-2026/', 1, 1, 1),
    (317, 'Olympijský běh - Stříbro', 'Stříbro', DATE '2026-06-17', TIME '10:30', 'https://ceskybeh.cz/zavody/olympijsky-beh-stribro-2026/', 1, 1, 1),
    (318, 'Olympijský běh - Šternberk', 'Šternberk', DATE '2026-06-17', TIME '09:00', 'https://ceskybeh.cz/zavody/olympijsky-beh-sternberk-2026/', 1, 1, 1),
    (319, 'Olympijský běh - Tachov', 'Tachov', DATE '2026-06-17', TIME '10:00', 'https://ceskybeh.cz/zavody/olympijsky-beh-tachov-2026/', 1, 1, 1),
    (320, 'Olympijský běh - Tetín', 'Tetín', DATE '2026-06-17', TIME '10:00', 'https://ceskybeh.cz/zavody/olympijsky-beh-tetin-2026/', 1, 1, 1),
    (321, 'Olympijský běh - Tlučeň', 'Tlučeň', DATE '2026-06-17', TIME '11:00', 'https://ceskybeh.cz/zavody/olympijsky-beh-tlucen-2026/', 2, 1, 1),
    (322, 'Olympijský běh - Trutnov', 'Trutnov', DATE '2026-06-17', TIME '08:00', 'https://ceskybeh.cz/zavody/olympijsky-beh-trutnov-2026/', 1, 1, 1),
    (323, 'Olympijský běh - Tuhaň', 'Tuhaň', DATE '2026-06-17', TIME '09:00', 'https://ceskybeh.cz/zavody/olympijsky-beh-tuhan-2026/', 2, 1, 1),
    (324, 'Olympijský běh - Turnov', 'Turnov', DATE '2026-06-17', TIME '09:30', 'https://ceskybeh.cz/zavody/olympijsky-beh-turnov-2026/', 1, 1, 1),
    (325, 'Olympijský běh - Ústí nad Labem', 'Ústí nad Labem', DATE '2026-06-17', TIME '10:30', 'https://ceskybeh.cz/zavody/olympijsky-beh-usti-nad-labem-2026/', 2, 1, 1),
    (326, 'Olympijský běh - Valašské Klobouky', 'Valašské Klobouky', DATE '2026-06-17', TIME '10:00', 'https://ceskybeh.cz/zavody/olympijsky-beh-valasske-klobouky-2026/', 2, 1, 1),
    (327, 'Olympijský běh - Valtice', 'Valtice', DATE '2026-06-17', TIME '10:30', 'https://ceskybeh.cz/zavody/olympijsky-beh-valtice-2026/', 1, 1, 1),
    (328, 'Olympijský běh - Vnorovy', 'Vnorovy', DATE '2026-06-17', TIME '08:30', 'https://ceskybeh.cz/zavody/olympijsky-beh-vnorovy-2026/', 2, 1, 1),
    (329, 'Olympijský běh - Zásada', 'Zásada', DATE '2026-06-17', TIME '09:30', 'https://ceskybeh.cz/zavody/olympijsky-beh-zasada-2026/', 2, 1, 1),
    (330, 'Olympijský běh - Žatec', 'Žatec', DATE '2026-06-17', TIME '09:30', 'https://ceskybeh.cz/zavody/olympijsky-beh-zatec-2026/', 1, 1, 1),
    (331, 'Frýdecká míle', 'Frýdek-Místek', DATE '2026-06-17', TIME '10:00', 'https://ceskybeh.cz/zavody/frydecka-mile-2026/', 1, 3, 1),
    (332, 'Běh okolo Špilberku', 'Brno', DATE '2026-06-18', TIME '10:00', 'https://ceskybeh.cz/zavody/beh-okolo-spilberku-2026/', 2, 1, 1),
    (333, 'Olympijský běh - Velké Bílovice', 'Velké Bílovice', DATE '2026-06-18', TIME '09:00', 'https://ceskybeh.cz/zavody/olympijsky-beh-velke-bilovice-2026/', 2, 1, 1),
    (334, 'Běh pro Jedličku', 'Praha 4-Vyšehrad', DATE '2026-06-18', TIME '08:30', 'https://ceskybeh.cz/zavody/beh-pro-jedlicku-2026/', 1, 1, 1),
    (335, 'Komořany - Čihadlo', 'Praha 4-Komořany', DATE '2026-06-18', TIME '09:00', 'https://ceskybeh.cz/zavody/komorany-cihadlo-2026/', 1, 2, 1),
    (336, 'Radimovický koňák', 'Radimovice u Želče', DATE '2026-06-18', TIME '10:30', 'https://ceskybeh.cz/zavody/radimovicky-konak-2026/', 1, 1, 1),
    (337, 'DOPORUČUJEMEBěhej lesy Týmovka - týmový závod', 'Milovy', DATE '2026-06-19', TIME '10:30', 'https://ceskybeh.cz/zavody/behej-lesy-tymovka-tymovy-zavod-2026/', 5, 1, 1),
    (338, 'Běh metropole MČ Praha 14 - Večerní běh', 'Praha 14', DATE '2026-06-19', TIME '09:00', 'https://ceskybeh.cz/zavody/beh-metropole-mc-praha-14-vecerni-beh-2026/', 1, 1, 1),
    (339, 'Okolo Rudného', 'Zborná u Jihlavy', DATE '2026-06-19', TIME '10:30', 'https://ceskybeh.cz/zavody/okolo-rudneho-2026/', 2, 2, 1),
    (340, 'Běh bez hodinek', 'Holubov', DATE '2026-06-20', TIME '08:30', 'https://ceskybeh.cz/zavody/beh-bez-hodinek-2026/', 1, 1, 1),
    (341, 'Barvám Neutečeš Praha', 'Praha', DATE '2026-06-20', TIME '08:30', 'https://ceskybeh.cz/zavody/barvam-neuteces-praha-2026/', 1, 1, 1),
    (342, 'POHO50 - Revírní pohodová padesátka', 'Karviná', DATE '2026-06-20', TIME '10:30', 'https://ceskybeh.cz/zavody/poho50-revirni-pohodova-padesatka-2026/', 5, 1, 1),
    (343, 'Běh Jana Opletala', 'Lhota nad Moravou', DATE '2026-06-20', TIME '10:30', 'https://ceskybeh.cz/zavody/beh-jana-opletala-2026/', 2, 1, 1),
    (344, 'Běh okolo Vraní skály', 'Černín u Zdic', DATE '2026-06-20', TIME '09:00', 'https://ceskybeh.cz/zavody/beh-okolo-vrani-skaly-2026/', 2, 1, 1),
    (345, 'Příborský běh', 'Příbor', DATE '2026-06-20', TIME '09:30', 'https://ceskybeh.cz/zavody/priborsky-beh-2026/', 2, 1, 1),
    (346, 'KEEN Prague Park Race – Divoká Šárka', 'Praha 6', DATE '2026-06-20', TIME '08:30', 'https://ceskybeh.cz/zavody/salomon-prague-park-race-divoka-sarka-2026/', 3, 2, 1),
    (347, 'Běh na Kozlovský kopec', 'Česká Třebová', DATE '2026-06-20', TIME '10:30', 'https://ceskybeh.cz/zavody/beh-na-kozlovsky-kopec-2026/', 1, 2, 1),
    (348, 'Velíšskej přespolňák', 'Veliš', DATE '2026-06-20', TIME '08:00', 'https://ceskybeh.cz/zavody/velisskej-prespolnak-2026/', 2, 2, 1),
    (349, 'Běh Memoriálu Petry Hézlové - MPH 2026 Louny', 'Louny', DATE '2026-06-20', TIME '08:00', 'https://ceskybeh.cz/zavody/beh-memorialu-petry-hezlove-2026/', 2, 1, 1),
    (350, 'DOPORUČUJEMERUN 4 HELP', 'Praha', DATE '2026-06-20', TIME '09:00', 'https://ceskybeh.cz/zavody/run-4-help-2026/', 2, 1, 1),
    (351, 'Krakonošova pětadvacítka - B25', 'Vrchlabí', DATE '2026-06-20', TIME '09:30', 'https://ceskybeh.cz/zavody/krakonosova-petadvacitka-b25-2026/', 4, 1, 1),
    (352, 'Jirkovský crossmarathon a půlmarathon', 'Jirkov', DATE '2026-06-20', TIME '09:30', 'https://ceskybeh.cz/zavody/jirkovsky-crossmarathon-a-pulmarathon-2026/', 4, 1, 1),
    (353, 'FarmaRun', 'Česká Lípa', DATE '2026-06-20', TIME '10:30', 'https://ceskybeh.cz/zavody/farmarun-2026/', 1, 1, 1),
    (354, 'OlfinCar Trutnovský půlmaraton', 'Trutnov', DATE '2026-06-20', TIME '09:00', 'https://ceskybeh.cz/zavody/olfincar-trutnovsky-pulmaraton-2026/', 3, 1, 1),
    (355, 'Gladiator Race Třebíč', 'Třebíč', DATE '2026-06-20', TIME '10:00', 'https://ceskybeh.cz/zavody/gladiator-race-trebic-2026/', 2, 2, 1),
    (356, 'DOPORUČUJEMEČEZ RunTour Plzeň', 'Plzeň', DATE '2026-06-21', TIME '08:00', 'https://ceskybeh.cz/zavody/cez-runtour-plzen-2026/', 3, 1, 1),
    (357, 'Dobratický běh', 'Dobratice', DATE '2026-06-21', TIME '10:30', 'https://ceskybeh.cz/zavody/dobraticky-beh-2026/', 2, 1, 1),
    (358, 'DOPORUČUJEMEBěhej lesy Týmovka - individuální závod', 'Milovy', DATE '2026-06-21', TIME '10:00', 'https://ceskybeh.cz/zavody/behej-lesy-tymovka-individualni-zavod-2026/', 4, 2, 1),
    (359, 'Hamelika třikrát jinak', 'Mariánské Lázně', DATE '2026-06-21', TIME '08:00', 'https://ceskybeh.cz/zavody/hamelika-trikrat-jinak-2026/', 5, 2, 1),
    (360, 'Sunrise Marathon / Halfmaraton', 'Brno', DATE '2026-06-21', TIME '10:30', 'https://ceskybeh.cz/zavody/sunrise-marathon-halfmaraton-2026/', 4, 1, 1),
    (361, 'Hradecký kros', 'Hradec Králové', DATE '2026-06-21', TIME '08:30', 'https://ceskybeh.cz/zavody/hradecky-kros-2026/', 2, 2, 1),
    (362, 'Hodinovka na dráze Zliv', 'Zliv', DATE '2026-06-21', TIME '08:00', 'https://ceskybeh.cz/zavody/hodinovka-na-draze-zliv-2026/', 2, 3, 1),
    (363, 'Běh na Hvězdu', 'Police nad Metují', DATE '2026-06-21', TIME '09:30', 'https://ceskybeh.cz/zavody/beh-na-hvezdu-2026/', 2, 2, 1),
    (364, 'Ivčin kopeček', 'Beroun', DATE '2026-06-21', TIME '10:30', 'https://ceskybeh.cz/zavody/ivcin-kopecek-2026/', 1, 2, 1),
    (365, 'Velichovská sedmička', 'Obec Velichovky', DATE '2026-06-21', TIME '10:00', 'https://ceskybeh.cz/zavody/velichovska-sedmicka-2026/', 2, 1, 1),
    (366, 'Krajem bitvy u Kolína', 'Nová Ves I u Kolína', DATE '2026-06-21', TIME '10:00', 'https://ceskybeh.cz/zavody/krajem-bitvy-u-kolina-2026/', 2, 1, 1),
    (367, 'Kros Sázava', 'Pikovice', DATE '2026-06-22', TIME '11:00', 'https://ceskybeh.cz/zavody/inov-8-kros-sazava-1-2026/', 3, 2, 1),
    (368, 'Chuchelský kros', 'Praha-Chuchle', DATE '2026-06-23', TIME '09:00', 'https://ceskybeh.cz/zavody/chuchelsky-kros-2026/', 1, 2, 1),
    (369, 'Pouťový běh do vrchu', 'Špindlerův Mlýn', DATE '2026-06-23', TIME '11:00', 'https://ceskybeh.cz/zavody/poutovy-beh-do-vrchu-2026/', 1, 2, 1),
    (370, '5 a 10 km VAŠÍ LIGY 2026 (7) - červnový', 'Praha 4-Braník', DATE '2026-06-24', TIME '11:00', 'https://ceskybeh.cz/zavody/5-a-10-km-vasi-ligy-2026-7-cervnovy-2026/', 2, 1, 1),
    (371, 'Triexpert Cup - 7. závod', 'Brno', DATE '2026-06-24', TIME '08:30', 'https://ceskybeh.cz/zavody/triexpert-cup-7-zavod-2026/', 2, 1, 1),
    (372, 'Štafetová míle - 3. kolo', 'Ostrava-Hrabová', DATE '2026-06-24', TIME '09:30', 'https://ceskybeh.cz/zavody/stafetova-mile-3-kolo-2026/', 2, 1, 1),
    (373, 'Běh Vídrholcem', 'Praha 9-Klánovice', DATE '2026-06-25', TIME '09:00', 'https://ceskybeh.cz/zavody/beh-vidrholcem-2026/', 1, 2, 1),
    (374, 'Excalibur Race MOON Zámek Duchcov', 'Duchcov', DATE '2026-06-26', TIME '08:30', 'https://ceskybeh.cz/zavody/excalibur-race-moon-zamek-duchcov-2026/', 2, 2, 1),
    (375, 'Mistrovství světa veteránů v běhu do vrchu - nahoru', 'Janské Lázně', DATE '2026-06-26', TIME '11:00', 'https://ceskybeh.cz/zavody/mistrovstvi-sveta-veteranu-v-behu-do-vrchu-nahoru-2026/', 2, 2, 1),
    (376, 'Večerní hodinovka na dráze Česká Lípa', 'Česká Lípa', DATE '2026-06-26', TIME '08:30', 'https://ceskybeh.cz/zavody/vecerni-hodinovka-na-draze-2026/', 2, 3, 1),
    (377, 'Hromová štafeta', 'Bělá pod Bezdězem', DATE '2026-06-26', TIME '10:30', 'https://ceskybeh.cz/zavody/hromova-stafeta-2026/', 5, 1, 1),
    (378, 'Excalibur Race HELL Zámek Duchcov', 'Duchcov', DATE '2026-06-27', TIME '09:00', 'https://ceskybeh.cz/zavody/excalibur-race-hell-zamek-duchcov-2026/', 2, 2, 1),
    (379, 'Mistrovství světa veteránů v dlouhém horském běhu', 'Janské Lázně', DATE '2026-06-27', TIME '10:00', 'https://ceskybeh.cz/zavody/mistrovstvi-sveta-veteranu-v-dlouhem-horskem-behu-2026/', 3, 2, 1),
    (380, 'Krkavec třikrát jinak', 'Krkavec u Plzně', DATE '2026-06-27', TIME '11:00', 'https://ceskybeh.cz/zavody/krkavec-trikrat-jinak-2026/', 2, 2, 1),
    (381, 'Excalibur Race SKY Zámek Duchcov', 'Duchcov', DATE '2026-06-27', TIME '10:30', 'https://ceskybeh.cz/zavody/excalibur-race-sky-zamek-duchcov-2026/', 1, 2, 1),
    (382, 'ROZKOŠný 1/2 Maraton', 'Česká Skalice', DATE '2026-06-27', TIME '08:30', 'https://ceskybeh.cz/zavody/rozkosny-1-2-maraton-2026/', 3, 1, 1),
    (383, 'Záblatská osmička', 'Bohumín', DATE '2026-06-27', TIME '10:30', 'https://ceskybeh.cz/zavody/zablatska-osmicka-2026/', 2, 1, 1),
    (384, 'Běh lužanskými hvozdy', 'Lužany', DATE '2026-06-27', TIME '08:30', 'https://ceskybeh.cz/zavody/beh-luzanskymi-hvozdy-2026/', 2, 1, 1),
    (385, 'Běh týnišťskými pralesy', 'Týniště nad Orlicí', DATE '2026-06-27', TIME '11:00', 'https://ceskybeh.cz/zavody/beh-tynistskymi-pralesy-2026/', 3, 1, 1),
    (386, 'Urban Challenge Vyšehrad', 'Praha', DATE '2026-06-27', TIME '09:00', 'https://ceskybeh.cz/zavody/urban-challenge-vysehrad-2026/', 2, 2, 1),
    (387, 'Žhavé běhy Slováckého léta', 'Uherské Hradiště', DATE '2026-06-27', TIME '09:00', 'https://ceskybeh.cz/zavody/zhave-behy-slovackeho-leta-2026/', 3, 1, 1),
    (388, 'Lichnovský amatérský běh PePa', 'Lichnov u Nového Jičína', DATE '2026-06-27', TIME '10:00', 'https://ceskybeh.cz/zavody/lichnovsky-amatersky-beh-pepa-2026/', 3, 1, 1),
    (389, 'Sloupský lesní běh', 'Sloup v Moravském krasu', DATE '2026-06-28', TIME '08:00', 'https://ceskybeh.cz/zavody/sloupsky-lesni-beh-2026/', 2, 1, 1),
    (390, 'Mistrovství světa veteránů v běhu do vrchu - nahoru/dolů', 'Janské Lázně', DATE '2026-06-28', TIME '10:00', 'https://ceskybeh.cz/zavody/mistrovstvi-sveta-veteranu-v-behu-do-vrchu-nahoru-dolu-2026/', 2, 2, 1),
    (391, 'Lochovice - Plešivec', 'Lochovice', DATE '2026-06-28', TIME '10:30', 'https://ceskybeh.cz/zavody/lochovice-plesivec-2026/', 1, 2, 1),
    (392, 'Půlmaratón okolo Nového Veselí', 'Nové Veselí', DATE '2026-06-28', TIME '10:00', 'https://ceskybeh.cz/zavody/pulmaraton-okolo-noveho-veseli-2026/', 3, 1, 1),
    (393, 'Běžím Krušnohořím Potůčky', 'Potůčky', DATE '2026-06-28', TIME '09:30', 'https://ceskybeh.cz/zavody/bezim-krusnohorim-potucky-2026/', 4, 2, 1),
    (394, 'Excalibur Race KIDS II. Zámek Duchcov', 'Duchcov', DATE '2026-06-28', TIME '08:30', 'https://ceskybeh.cz/zavody/excalibur-race-kids-ii-zamek-duchcov-2026/', 1, 2, 1),
    (395, 'Excalibur Race KIDS I. Zámek Duchcov', 'Duchcov', DATE '2026-06-28', TIME '10:30', 'https://ceskybeh.cz/zavody/excalibur-race-kids-i-zamek-duchcov-2026/', 1, 2, 1),
    (396, 'Excalibur Race DOG OCRC Zámek Duchcov', 'Duchcov', DATE '2026-06-28', TIME '09:00', 'https://ceskybeh.cz/zavody/excalibur-race-dog-ocrc-zamek-duchcov-2026/', 1, 2, 1),
    (397, 'MUM - Moravský Ultramaraton / Lomnická etapa', 'Lomnice u Tišnova', DATE '2026-06-28', TIME '10:30', 'https://ceskybeh.cz/zavody/mum-moravsky-ultramaraton-lomnicka-etapa-2026/', 4, 1, 1),
    (398, 'MUM - Moravský Ultramaraton / Boskovická etapa', 'Boskovice', DATE '2026-06-29', TIME '09:30', 'https://ceskybeh.cz/zavody/mum-moravsky-ultramaraton-boskovicka-etapa-2026/', 4, 1, 1),
    (399, 'Tempo Makers Run Plzeň v Pytli - červen', 'Plzeň', DATE '2026-06-30', TIME '08:00', 'https://ceskybeh.cz/zavody/tempo-makers-run-plzen-v-pytli-cerven-2026/', 2, 1, 1),
    (400, 'MUM - Moravský Ultramaraton / Blanenská etapa', 'Blansko', DATE '2026-06-30', TIME '10:00', 'https://ceskybeh.cz/zavody/mum-moravsky-ultramaraton-blanenska-etapa-2026/', 4, 1, 1),
    (401, 'Běh kolem Libotína', 'Štramberk', DATE '2026-07-01', TIME '08:30', 'https://ceskybeh.cz/zavody/beh-kolem-libotina-2026/', 2, 1, 1),
    (402, 'MUM - Moravský Ultramaraton / Tišnovská etapa', 'Tišnov', DATE '2026-07-01', TIME '11:00', 'https://ceskybeh.cz/zavody/mum-moravsky-ultramaraton-tisnovska-etapa-2026/', 4, 1, 1),
    (403, 'Lachtan', 'Praha 6', DATE '2026-07-01', TIME '11:00', 'https://ceskybeh.cz/zavody/lachtan-2026/', 2, 2, 1),
    (404, 'MUM - Moravský Ultramaraton / Olešnická etapa', 'Olešnice', DATE '2026-07-02', TIME '08:00', 'https://ceskybeh.cz/zavody/mum-moravsky-ultramaraton-olesnicka-etapa-2026/', 4, 1, 1),
    (405, 'MUM - Moravský Ultramaraton / Bystřická etapa', 'Bystřice nad Pernštejnem', DATE '2026-07-03', TIME '10:30', 'https://ceskybeh.cz/zavody/mum-moravsky-ultramaraton-bystricka-etapa-2026/', 4, 1, 1),
    (406, '2 míle s úsměvem Zlín - červenec', 'Zlín', DATE '2026-07-04', TIME '09:00', 'https://ceskybeh.cz/zavody/2-mile-s-usmevem-zlin-cervenec-2026/', 1, 1, 1),
    (407, '2 míle s úsměvem Praha - červenec', 'Praha 7', DATE '2026-07-04', TIME '10:30', 'https://ceskybeh.cz/zavody/2-mile-s-usmevem-praha-cervenec-2026/', 1, 1, 1),
    (408, 'Třtická punčocha', 'Třtice', DATE '2026-07-04', TIME '10:00', 'https://ceskybeh.cz/zavody/trticka-puncocha-2026/', 2, 2, 1),
    (409, 'Náchod - Dobrošov', 'Náchod', DATE '2026-07-04', TIME '11:00', 'https://ceskybeh.cz/zavody/nachod-dobrosov-2026/', 2, 2, 1),
    (410, 'MUM - Moravský Ultramaraton / Cimrmanova etapa', 'Lomnice u Tišnova', DATE '2026-07-04', TIME '09:00', 'https://ceskybeh.cz/zavody/mum-moravsky-ultramaraton-cimrmanova-etapa-2026/', 4, 1, 1),
    (411, 'Širokodolská časovka', 'Široký Důl u Poličky', DATE '2026-07-05', TIME '08:30', 'https://ceskybeh.cz/zavody/sirokodolska-casovka-2026/', 1, 1, 1),
    (412, '2 míle s úsměvem Olomouc - červenec', 'Olomouc', DATE '2026-07-05', TIME '09:00', 'https://ceskybeh.cz/zavody/2-mile-s-usmevem-olomouc-cervenec-2026/', 1, 1, 1),
    (413, 'Běh pod Slunečnou', 'Moravský Beroun', DATE '2026-07-05', TIME '11:00', 'https://ceskybeh.cz/zavody/beh-pod-slunecnou-2026/', 2, 2, 1),
    (414, 'Běžecká série Berounka - Hlásná Třebaň', 'Hlásná Třebaň', DATE '2026-07-06', TIME '09:00', 'https://ceskybeh.cz/zavody/bezecka-serie-berounka-hlasna-treban-2026/', 2, 2, 1),
    (415, '5. Běh pro zdraví', 'Karviná', DATE '2026-07-09', TIME '09:00', 'https://ceskybeh.cz/zavody/5-beh-pro-zdravi-2026/', 1, 1, 1),
    (416, 'Běh okolo Bílé hory', 'Brno', DATE '2026-07-09', TIME '08:00', 'https://ceskybeh.cz/zavody/beh-okolo-bile-hory-2026/', 1, 1, 1),
    (417, 'Hudební pětka na dráze', 'Olomouc', DATE '2026-07-10', TIME '09:00', 'https://ceskybeh.cz/zavody/hudebni-petka-na-draze-2026/', 1, 3, 1),
    (418, 'DOPORUČUJEMEBěhej lesy Klínovec', 'Loučná pod Klínovcem', DATE '2026-07-11', TIME '09:00', 'https://ceskybeh.cz/zavody/behej-lesy-klinovec-2026/', 4, 2, 1),
    (419, 'Libečovská 14', 'Podkozí', DATE '2026-07-11', TIME '09:00', 'https://ceskybeh.cz/zavody/libecovska-14-2026/', 3, 1, 1),
    (420, 'Králický Sněžník Beze stopy', 'Heřmanice u Králík', DATE '2026-07-11', TIME '08:30', 'https://ceskybeh.cz/zavody/kralicky-sneznik-beze-stopy-2026/', 3, 2, 1),
    (421, 'Hvězdonice - Ondřejov', 'Hvězdonice', DATE '2026-07-11', TIME '11:00', 'https://ceskybeh.cz/zavody/hvezdonice-ondrejov-2026/', 1, 2, 1),
    (422, 'MiniTMMTR - TransMoravský Masochistický Terénní Běh', 'Lomnice', DATE '2026-07-11', TIME '09:30', 'https://ceskybeh.cz/zavody/minitmmtr-transmoravsky-masochisticky-terenni-beh-2026/', 5, 1, 1),
    (423, 'TMMTR - TransMoravský Masochistický Terénní Běh', 'Lomnice', DATE '2026-07-11', TIME '10:30', 'https://ceskybeh.cz/zavody/tmmtr-transmoravsky-masochisticky-terenni-beh-2026/', 5, 1, 1),
    (424, 'Okolo Vlasti - Běh pro Terezku', 'Vlastibořice u Liberce', DATE '2026-07-11', TIME '08:00', 'https://ceskybeh.cz/zavody/okolo-vlasti-beh-pro-terezku-2026/', 3, 1, 1),
    (425, 'S-Race', 'Mariánské Lázně', DATE '2026-07-12', TIME '09:30', 'https://ceskybeh.cz/zavody/s-race-2026/', 3, 2, 1),
    (426, 'Koblížkový pasecký běh', 'Paseka', DATE '2026-07-12', TIME '09:00', 'https://ceskybeh.cz/zavody/koblizkovy-pasecky-beh-2026/', 2, 1, 1),
    (427, 'Halda Trail Run', 'Kuřimská Nová Ves', DATE '2026-07-12', TIME '10:00', 'https://ceskybeh.cz/zavody/halda-trail-run-2026/', 4, 1, 1),
    (428, 'Běh letním ránem', 'Štítná nad Vláří', DATE '2026-07-12', TIME '10:00', 'https://ceskybeh.cz/zavody/beh-letnim-ranem-2026/', 3, 1, 1),
    (429, 'Běh o Ludgerův meč', 'Hořičky', DATE '2026-07-12', TIME '09:00', 'https://ceskybeh.cz/zavody/beh-o-ludgeruv-mec-2026/', 2, 1, 1),
    (430, 'Dvě kola při zdi', 'Praha 6', DATE '2026-07-14', TIME '08:30', 'https://ceskybeh.cz/zavody/dve-kola-pri-zdi-2026/', 2, 2, 1),
    (431, 'Halda', 'Tuchlovice', DATE '2026-07-15', TIME '10:30', 'https://ceskybeh.cz/zavody/halda-2026/', 1, 2, 1),
    (432, 'Triexpert Cup - 8. závod', 'Brno', DATE '2026-07-15', TIME '09:00', 'https://ceskybeh.cz/zavody/triexpert-cup-8-zavod-2026/', 2, 1, 1),
    (433, 'Běh o Neplachovský Hrneček', 'Neplachov', DATE '2026-07-17', TIME '10:00', 'https://ceskybeh.cz/zavody/beh-o-neplachovsky-hrnecek-2026/', 2, 1, 1),
    (434, 'Kružberský Tesák', 'Kružberk', DATE '2026-07-17', TIME '10:30', 'https://ceskybeh.cz/zavody/kruzbersky-tesak-2026/', 5, 2, 1),
    (435, 'DOPORUČUJEMEČEZ RunTour Olomouc', 'Olomouc', DATE '2026-07-18', TIME '09:00', 'https://ceskybeh.cz/zavody/cez-runtour-olomouc-2026/', 3, 1, 1),
    (436, 'Zkus canicross Kuks', 'Kuks', DATE '2026-07-18', TIME '09:30', 'https://ceskybeh.cz/zavody/zkus-canicross-kuks-2026/', 2, 1, 1),
    (437, 'Zkus noční Kuks', 'Kuks', DATE '2026-07-18', TIME '08:30', 'https://ceskybeh.cz/zavody/zkus-nocni-kuks-2026/', 2, 2, 1),
    (438, 'Noční běh Rusava', 'Rusava', DATE '2026-07-18', TIME '11:00', 'https://ceskybeh.cz/zavody/nocni-beh-rusava-2026/', 1, 2, 1),
    (439, '7 pohoří Krušné Hory', 'Abertamy', DATE '2026-07-18', TIME '08:30', 'https://ceskybeh.cz/zavody/7-pohori-krusne-hory-2026/', 3, 2, 1),
    (440, 'Rokytnice nad Jizerou - Dvoračky', 'Rokytnice nad Jizerou', DATE '2026-07-18', TIME '09:30', 'https://ceskybeh.cz/zavody/rokytnice-nad-jizerou-dvoracky-2026/', 2, 2, 1),
    (441, 'Běžím Krušnohořím Fojtovice', 'Fojtovice', DATE '2026-07-19', TIME '08:00', 'https://ceskybeh.cz/zavody/bezim-krusnohorim-fojtovice-2026/', 4, 2, 1),
    (442, 'Šachty - Štěpánka', 'Vysoké nad Jizerou-Sklenařice', DATE '2026-07-19', TIME '11:00', 'https://ceskybeh.cz/zavody/sachty-stepanka-2026/', 2, 2, 1),
    (443, 'Beskydský biatlon', 'Trojanovice (Frenštát pod Radhoštěm)', DATE '2026-07-19', TIME '08:00', 'https://ceskybeh.cz/zavody/beskydsky-biatlon-2026/', 1, 1, 1),
    (444, 'Zlatá desítka Emila Zátopka', 'Plzeň', DATE '2026-07-20', TIME '10:00', 'https://ceskybeh.cz/zavody/zlata-desitka-emila-zatopka-2026/', 2, 3, 1),
    (445, 'Běh za Sliveneckou saní', 'Praha 5-Velká Chuchle', DATE '2026-07-21', TIME '09:00', 'https://ceskybeh.cz/zavody/beh-za-sliveneckou-sani-2026/', 1, 2, 1),
    (446, '402. Malá cena Monaka', 'Slatiňany', DATE '2026-07-22', TIME '11:00', 'https://ceskybeh.cz/zavody/402-mala-cena-monaka-2026/', 2, 2, 1),
    (447, 'Tobiášův běh Kazín - Cukrák', 'osada Kazín', DATE '2026-07-23', TIME '10:00', 'https://ceskybeh.cz/zavody/tobiasuv-beh-kazin-cukrak-2026/', 1, 2, 1),
    (448, 'Zlatá pětka Emila Zátopka', 'Plzeň', DATE '2026-07-24', TIME '08:00', 'https://ceskybeh.cz/zavody/zlata-petka-emila-zatopka-2026/', 1, 3, 1),
    (449, 'Smilovice pomáhají - Běh pro Theu', 'Smilovice u Třince', DATE '2026-07-25', TIME '10:00', 'https://ceskybeh.cz/zavody/smilovice-pomahaji-beh-pro-theu-2026/', 2, 1, 1),
    (450, 'Běh na Lysou horu', 'Krásná-Nižní Mohelnice', DATE '2026-07-25', TIME '11:00', 'https://ceskybeh.cz/zavody/beh-na-lysou-horu-2026/', 2, 2, 1),
    (451, 'Běh s létem o závod', 'Podbořany', DATE '2026-07-25', TIME '08:30', 'https://ceskybeh.cz/zavody/beh-s-letem-o-zavod-2026/', 2, 1, 1),
    (452, 'Myslív race', 'Horažďovice Myslív', DATE '2026-07-25', TIME '08:30', 'https://ceskybeh.cz/zavody/mysliv-race-2026/', 2, 2, 1),
    (453, 'Borovská desítka', 'Havlíčkova Borová', DATE '2026-07-25', TIME '09:30', 'https://ceskybeh.cz/zavody/borovska-desitka-2026/', 2, 1, 1),
    (454, 'Běh na Kozubovou', 'Dolní Lomná', DATE '2026-07-26', TIME '09:30', 'https://ceskybeh.cz/zavody/beh-na-kozubovou-2026/', 1, 2, 1),
    (455, 'Zlatý maraton Emila Zátopka', 'Plzeň', DATE '2026-07-27', TIME '10:00', 'https://ceskybeh.cz/zavody/zlaty-maraton-emila-zatopka-2026/', 4, 1, 1),
    (456, 'Tempo Makers Run Plzeň v Pytli - červenec', 'Plzeň', DATE '2026-07-28', TIME '10:00', 'https://ceskybeh.cz/zavody/tempo-makers-run-plzen-v-pytli-cervenec-2026/', 2, 1, 1),
    (457, '5 a 10 km VAŠÍ LIGY 2026 (8) - červencový', 'Praha 4-Braník', DATE '2026-07-29', TIME '10:00', 'https://ceskybeh.cz/zavody/5-a-10-km-vasi-ligy-2026-8-cervencovy-2026/', 2, 1, 1),
    (458, 'Triexpert Cup - 9. závod', 'Brno', DATE '2026-07-29', TIME '09:30', 'https://ceskybeh.cz/zavody/triexpert-cup-9-zavod-2026/', 2, 1, 1),
    (459, 'DOPORUČUJEMEBěhej lesy Bílá', 'Bílá', DATE '2026-08-01', TIME '08:30', 'https://ceskybeh.cz/zavody/behej-lesy-bila-2026/', 3, 2, 1),
    (460, 'Zlatá stezka', 'Stožec na Šumavě', DATE '2026-08-01', TIME '09:30', 'https://ceskybeh.cz/zavody/zlata-stezka-2026/', 3, 1, 1),
    (461, '2 míle s úsměvem Zlín - srpen', 'Zlín', DATE '2026-08-01', TIME '09:30', 'https://ceskybeh.cz/zavody/2-mile-s-usmevem-zlin-srpen-2026/', 1, 1, 1),
    (462, '2 míle s úsměvem Praha - srpen', 'Praha 7', DATE '2026-08-01', TIME '11:00', 'https://ceskybeh.cz/zavody/2-mile-s-usmevem-praha-srpen-2026/', 1, 1, 1),
    (463, 'DOPORUČUJEMEBěh na Kamenný stůl', 'Rataje nad Sázavou', DATE '2026-08-01', TIME '09:00', 'https://ceskybeh.cz/zavody/beh-na-kamenny-stul-2026/', 2, 2, 1),
    (464, 'Trail Running Cup - Krkonošská padesátka', 'Špindlerův Mlýn', DATE '2026-08-01', TIME '09:00', 'https://ceskybeh.cz/zavody/trail-running-cup-2026-krkonosska-padesatka-2026/', 5, 2, 1),
    (465, 'Mšecká sedmička', 'Mšec', DATE '2026-08-01', TIME '09:00', 'https://ceskybeh.cz/zavody/msecka-sedmicka-2026/', 2, 1, 1),
    (466, 'Libeř - Radlík', 'Libeř', DATE '2026-08-01', TIME '10:00', 'https://ceskybeh.cz/zavody/liber-radlik-2026/', 1, 2, 1),
    (467, 'Počátky Race', 'Počátky', DATE '2026-08-01', TIME '10:30', 'https://ceskybeh.cz/zavody/pocatky-race-2026/', 2, 2, 1),
    (468, '2 míle s úsměvem Olomouc - srpen', 'Olomouc', DATE '2026-08-02', TIME '09:30', 'https://ceskybeh.cz/zavody/2-mile-s-usmevem-olomouc-srpen-2026/', 1, 1, 1),
    (469, 'Běžím Krušnohořím Moldava', 'Moldava', DATE '2026-08-02', TIME '09:00', 'https://ceskybeh.cz/zavody/bezim-krusnohorim-moldava-2026/', 4, 2, 1),
    (470, 'Gladiator Race Pardubice', 'Pardubice', DATE '2026-08-02', TIME '10:30', 'https://ceskybeh.cz/zavody/gladiator-race-pardubice-2026/', 1, 2, 1),
    (471, 'Běžecká série Berounka - Karlštejn', 'Karlštejn', DATE '2026-08-03', TIME '10:30', 'https://ceskybeh.cz/zavody/bezecka-serie-berounka-karlstejn-2026/', 2, 2, 1),
    (472, 'Běh na Šance', 'Závist', DATE '2026-08-04', TIME '11:00', 'https://ceskybeh.cz/zavody/beh-na-sance-2026/', 1, 2, 1),
    (473, 'Rozdělovský čtvrtmaratón', 'Kladno-Rozdělov', DATE '2026-08-05', TIME '10:00', 'https://ceskybeh.cz/zavody/rozdelovsky-ctvrtmaraton-2026/', 2, 2, 1),
    (474, 'Krčský lomcovák', 'Praha 4', DATE '2026-08-06', TIME '08:00', 'https://ceskybeh.cz/zavody/krcsky-lomcovak-2026/', 1, 2, 1),
    (475, 'Barvám Neutečeš Pardubice', 'Pardubice', DATE '2026-08-08', TIME '08:00', 'https://ceskybeh.cz/zavody/barvam-neuteces-pardubice-2026/', 1, 1, 1),
    (476, 'Mořice Run', 'Mořice', DATE '2026-08-08', TIME '09:30', 'https://ceskybeh.cz/zavody/morice-run-2026/', 2, 1, 1),
    (477, 'Slatinická sedmička', 'Slatinice', DATE '2026-08-08', TIME '11:00', 'https://ceskybeh.cz/zavody/slatinicka-sedmicka-2026/', 2, 2, 1),
    (478, 'Měřínský kros', 'Měřín', DATE '2026-08-08', TIME '10:00', 'https://ceskybeh.cz/zavody/merinsky-kros-2026/', 3, 2, 1),
    (479, 'Vnorovská desítka', 'Vnorovy', DATE '2026-08-08', TIME '08:00', 'https://ceskybeh.cz/zavody/vnorovska-desitka-2026/', 2, 1, 1),
    (480, 'DOPORUČUJEMENN Night Run Most', 'Most', DATE '2026-08-08', TIME '10:00', 'https://ceskybeh.cz/zavody/nn-night-run-most-2026/', 2, 1, 1),
    (481, 'Dačického 12', 'Kutná Hora', DATE '2026-08-08', TIME '08:30', 'https://ceskybeh.cz/zavody/dacickeho-12-2026/', 2, 1, 1),
    (482, 'Černovírský kros', 'Černovír u Ústí nad Orlicí', DATE '2026-08-09', TIME '11:00', 'https://ceskybeh.cz/zavody/cernovirsky-kros-2026/', 1, 2, 1),
    (483, 'Běh na Krušnou horu', 'Hudlice', DATE '2026-08-09', TIME '08:30', 'https://ceskybeh.cz/zavody/beh-na-krusnou-horu-2026/', 2, 2, 1),
    (484, 'Střížovický vrch 10 km', 'Ústí nad Labem', DATE '2026-08-09', TIME '08:00', 'https://ceskybeh.cz/zavody/strizovicky-vrch-10-km-2026/', 2, 1, 1),
    (485, 'Márův běh', 'Praha 4', DATE '2026-08-11', TIME '10:00', 'https://ceskybeh.cz/zavody/maruv-beh-2026/', 2, 2, 1),
    (486, 'Triexpert Cup - 10. závod', 'Brno', DATE '2026-08-12', TIME '08:30', 'https://ceskybeh.cz/zavody/triexpert-cup-10-zavod-2026/', 2, 1, 1),
    (487, 'Stezka mužů', 'Praha 4', DATE '2026-08-12', TIME '09:00', 'https://ceskybeh.cz/zavody/stezka-muzu-2026/', 1, 1, 1),
    (488, '6. Běh pro zdraví', 'Karviná', DATE '2026-08-13', TIME '09:30', 'https://ceskybeh.cz/zavody/6-beh-pro-zdravi-2026/', 1, 1, 1),
    (489, 'Reuter Run Boršov nad Vltavou', 'Boršov nad Vltavou', DATE '2026-08-15', TIME '10:30', 'https://ceskybeh.cz/zavody/reuter-run-borsov-nad-vltavou-2026/', 3, 2, 1),
    (490, 'Běžecký mítink Bohuňovice', 'Bohuňovice', DATE '2026-08-15', TIME '10:00', 'https://ceskybeh.cz/zavody/bezecky-mitink-bohunovice-2026/', 3, 2, 1),
    (491, '7 pohoří Šumava', 'Železná Ruda', DATE '2026-08-15', TIME '11:00', 'https://ceskybeh.cz/zavody/7-pohori-sumava-2026/', 4, 2, 1),
    (492, 'Jablonská osmička', 'Jablonné nad Orlicí', DATE '2026-08-15', TIME '09:00', 'https://ceskybeh.cz/zavody/jablonska-osmicka-2026/', 2, 1, 1),
    (493, 'Křivinský kros', 'Křivice', DATE '2026-08-15', TIME '11:00', 'https://ceskybeh.cz/zavody/krivinsky-kros-2026/', 2, 2, 1),
    (494, 'Žebrácká pětadvacítka', 'Žebrák', DATE '2026-08-16', TIME '08:00', 'https://ceskybeh.cz/zavody/zebracka-petadvacitka-2026/', 4, 1, 1),
    (495, 'Run Sádecká pila', 'Sádek u Poličky', DATE '2026-08-16', TIME '11:00', 'https://ceskybeh.cz/zavody/run-sadecka-pila-2026/', 2, 2, 1),
    (496, 'MFB MarathOn LABE', 'Kolín', DATE '2026-08-16', TIME '09:30', 'https://ceskybeh.cz/zavody/mfb-marathon-labe-2026/', 4, 1, 1),
    (497, 'MFB 1/2Marathon LABE', 'Kolín', DATE '2026-08-16', TIME '11:00', 'https://ceskybeh.cz/zavody/mfb-1-2marathon-labe-2026/', 3, 1, 1),
    (498, 'MFB 10 km', 'Kolín', DATE '2026-08-16', TIME '09:00', 'https://ceskybeh.cz/zavody/mfb-10-km-2026/', 2, 1, 1),
    (499, 'Tyršův běh na Sokol', 'Malá Skála', DATE '2026-08-16', TIME '08:30', 'https://ceskybeh.cz/zavody/tyrsuv-beh-na-sokol-2026/', 1, 2, 1),
    (500, 'Žvahov - Ivův běh', 'Praha 5', DATE '2026-08-18', TIME '10:30', 'https://ceskybeh.cz/zavody/zvahov-ivuv-beh-2026/', 1, 2, 1),
    (501, 'ČEZ Lipno Sport Festival', 'Lipno nad Vltavou', DATE '2026-08-19', TIME '09:00', 'https://ceskybeh.cz/zavody/cez-lipno-sport-festival-2026/', 3, 2, 1),
    (502, '403. Malá cena Monaka', 'Slatiňany', DATE '2026-08-19', TIME '08:00', 'https://ceskybeh.cz/zavody/403-mala-cena-monaka-2026/', 2, 2, 1),
    (503, 'Běh okolo Olympie', 'Brno', DATE '2026-08-20', TIME '08:30', 'https://ceskybeh.cz/zavody/beh-okolo-olympie-2026/', 1, 1, 1),
    (504, 'Šárecká 5', 'Praha 6', DATE '2026-08-20', TIME '11:00', 'https://ceskybeh.cz/zavody/sarecka-5-2026/', 1, 2, 1),
    (505, 'Morava Run - proti proudu', 'Břeclav - Kostice', DATE '2026-08-21', TIME '08:30', 'https://ceskybeh.cz/zavody/morava-run-proti-proudu-2026/', 5, 1, 1),
    (506, 'Běh městem Strakonice', 'Strakonice', DATE '2026-08-21', TIME '11:00', 'https://ceskybeh.cz/zavody/beh-mestem-strakonice-2026/', 2, 1, 1),
    (507, 'Hrabovský 1/2 a 1/4 maraton', 'Ostrava-Hrabová', DATE '2026-08-22', TIME '11:00', 'https://ceskybeh.cz/zavody/hrabovsky-1-2-a-1-4-maraton-2026/', 3, 1, 1),
    (508, 'Jesenický maraton', 'Sobotín - Rudoltice', DATE '2026-08-22', TIME '09:30', 'https://ceskybeh.cz/zavody/jesenicky-maraton-2026/', 4, 2, 1),
    (509, 'Jesenický půlmaraton', 'Sobotín - Rudoltice', DATE '2026-08-22', TIME '09:00', 'https://ceskybeh.cz/zavody/jesenicky-pulmaraton-2026/', 3, 2, 1),
    (510, 'Panevropský půlmaraton', 'Stadlern (GER)', DATE '2026-08-22', TIME '09:30', 'https://ceskybeh.cz/zavody/panevropsky-pulmaraton-2026/', 3, 1, 1),
    (511, 'Trail Running Cup - Brdský půlmaraton', 'Brdy', DATE '2026-08-22', TIME '11:00', 'https://ceskybeh.cz/zavody/trail-running-cup-2026-brdsky-pulmaraton-2026/', 3, 2, 1),
    (512, 'Běh na Svatý Hostýn', 'Bystřice pod Hostýnem', DATE '2026-08-22', TIME '09:00', 'https://ceskybeh.cz/zavody/beh-na-svaty-hostyn-2026/', 1, 2, 1),
    (513, 'Běh k Božímu hrobu', 'Svatý Hostýn', DATE '2026-08-22', TIME '09:30', 'https://ceskybeh.cz/zavody/beh-k-bozimu-hrobu-2026/', 2, 2, 1),
    (514, 'Běh na Čupek', 'Metylovice', DATE '2026-08-22', TIME '08:30', 'https://ceskybeh.cz/zavody/beh-na-cupek-2026/', 2, 1, 1),
    (515, 'Vavřinecký běh Moravským krasem', 'Vavřinec', DATE '2026-08-22', TIME '08:30', 'https://ceskybeh.cz/zavody/vavrinecky-beh-moravskym-krasem-2026/', 2, 2, 1),
    (516, 'Slopenská desítka', 'Slopné u Luhačovic', DATE '2026-08-23', TIME '09:30', 'https://ceskybeh.cz/zavody/slopenska-desitka-2026/', 2, 1, 1),
    (517, 'Běžím Krušnohořím Stříbrná', 'Stříbrná', DATE '2026-08-23', TIME '11:00', 'https://ceskybeh.cz/zavody/bezim-krusnohorim-stribrna-2026/', 4, 2, 1),
    (518, 'Běh pro Střížák', 'Ústí nad Labem', DATE '2026-08-23', TIME '10:00', 'https://ceskybeh.cz/zavody/beh-pro-strizak-2026/', 2, 1, 1),
    (519, 'Tempo Makers Run Plzeň v Pytli - srpen', 'Plzeň', DATE '2026-08-25', TIME '10:30', 'https://ceskybeh.cz/zavody/tempo-makers-run-plzen-v-pytli-srpen-2026/', 2, 1, 1),
    (520, 'Běh Smetánkou', 'Praha 9', DATE '2026-08-25', TIME '09:30', 'https://ceskybeh.cz/zavody/beh-smetankou-2026/', 1, 2, 1),
    (521, '5 a 10 km VAŠÍ LIGY 2026 (9) - srpnový', 'Praha 4-Braník', DATE '2026-08-26', TIME '11:00', 'https://ceskybeh.cz/zavody/5-a-10-km-vasi-ligy-2026-9-srpnovy-2026/', 2, 1, 1),
    (522, 'Triexpert Cup - 11. závod', 'Brno', DATE '2026-08-26', TIME '09:00', 'https://ceskybeh.cz/zavody/triexpert-cup-11-zavod-2026/', 2, 1, 1),
    (523, 'King of The Race - Hummer centrum', 'Praha-Horní Počernice', DATE '2026-08-27', TIME '08:30', 'https://ceskybeh.cz/zavody/king-of-the-race-hummer-centrum-2026/', 1, 2, 1),
    (524, 'Běh Modřanskou roklí - Memoriál Zdeňka Buriana', 'Praha 4-Modřany', DATE '2026-08-27', TIME '10:30', 'https://ceskybeh.cz/zavody/beh-modranskou-rokli-memorial-zdenka-buriana-2026/', 1, 1, 1),
    (525, 'Excalibur Race MOON Dolní Kounice', 'Dolní Kounice', DATE '2026-08-28', TIME '10:30', 'https://ceskybeh.cz/zavody/excalibur-race-moon-dolni-kounice-2026/', 2, 2, 1),
    (526, 'Beskydská sedmička', 'Třinec', DATE '2026-08-28', TIME '11:00', 'https://ceskybeh.cz/zavody/beskydska-sedmicka-2026/', 5, 2, 1),
    (527, 'Běh metropole MČ Praha 13 - BIGMAN RUN - běžecký festival', 'Praha 13', DATE '2026-08-28', TIME '08:30', 'https://ceskybeh.cz/zavody/beh-metropole-mc-praha-13-bigman-run-bezecky-festival-2026/', 2, 1, 1),
    (528, 'Alejemi v Kněžicích', 'Kněžice', DATE '2026-08-28', TIME '10:30', 'https://ceskybeh.cz/zavody/alejemi-v-knezicich-2026/', 2, 1, 1),
    (529, 'Kácovský běh', 'Kácov', DATE '2026-08-29', TIME '09:30', 'https://ceskybeh.cz/zavody/kacovsky-beh-2026/', 3, 1, 1),
    (530, 'Cross Parkmaraton', 'Krásná Lípa', DATE '2026-08-29', TIME '10:30', 'https://ceskybeh.cz/zavody/cross-parkmaraton-2026/', 4, 2, 1),
    (531, 'Chomutovský půlmaraton', 'Chomutov', DATE '2026-08-29', TIME '11:00', 'https://ceskybeh.cz/zavody/chomutovsky-pulmaraton-2026/', 3, 1, 1),
    (532, 'Excalibur Race HELL Dolní Kounice', 'Dolní Kounice', DATE '2026-08-29', TIME '11:00', 'https://ceskybeh.cz/zavody/excalibur-race-hell-dolni-kounice-2026/', 2, 2, 1),
    (533, 'DOPORUČUJEMEBěhej lesy Jizerská', 'Bedřichov v Jizerských horách', DATE '2026-08-29', TIME '11:00', 'https://ceskybeh.cz/zavody/behej-lesy-jizerska-2026/', 5, 2, 1),
    (534, 'Excalibur Race SKY Dolní Kounice', 'Dolní Kounice', DATE '2026-08-29', TIME '09:00', 'https://ceskybeh.cz/zavody/excalibur-race-sky-dolni-kounice-2026/', 1, 2, 1),
    (535, 'Predator Master weekend Dobřany', 'Dobřany', DATE '2026-08-29', TIME '10:00', 'https://ceskybeh.cz/zavody/predator-master-weekend-dobrany-2026/', 3, 2, 1),
    (536, 'DOPORUČUJEMEMizuno Neon Run Praha', 'Praha 8 - Bohnice', DATE '2026-08-29', TIME '09:00', 'https://ceskybeh.cz/zavody/mizuno-neon-run-praha-2026/', 1, 1, 1),
    (537, 'Proběhni si Zoo Ústí nad Labem', 'Ústí nad Labem', DATE '2026-08-29', TIME '08:00', 'https://ceskybeh.cz/zavody/probehni-si-zoo-usti-nad-labem-2026/', 1, 1, 1),
    (538, 'Běh kolem středu Evropy', 'Lišov', DATE '2026-08-29', TIME '11:00', 'https://ceskybeh.cz/zavody/beh-kolem-stredu-evropy-2026/', 2, 1, 1),
    (539, 'Běh zámeckou zahradou', 'Lysá nad Labem', DATE '2026-08-30', TIME '10:00', 'https://ceskybeh.cz/zavody/beh-zameckou-zahradou-2026/', 2, 1, 1),
    (540, 'Běh Bezděkovem', 'Bezděkov pod Třemšínem', DATE '2026-08-30', TIME '09:00', 'https://ceskybeh.cz/zavody/beh-bezdekovem-2026/', 2, 2, 1),
    (541, 'Kolínská desítka', 'Kolín', DATE '2026-08-30', TIME '10:30', 'https://ceskybeh.cz/zavody/kolinska-desitka-2026/', 2, 1, 1),
    (542, 'Běh Teplickými skalami', 'Teplice nad Metují', DATE '2026-08-30', TIME '09:00', 'https://ceskybeh.cz/zavody/beh-teplickymi-skalami-2026/', 2, 2, 1),
    (543, 'Rakovnická 15', 'Rakovník', DATE '2026-08-30', TIME '08:00', 'https://ceskybeh.cz/zavody/rakovnicka-15-2026/', 3, 1, 1),
    (544, 'Sázava - Lázek', 'Sázava u Lanškrouna', DATE '2026-08-30', TIME '10:30', 'https://ceskybeh.cz/zavody/sazava-lazek-2026/', 2, 2, 1),
    (545, 'Excalibur Race KIDS II. Dolní Kounice', 'Dolní Kounice', DATE '2026-08-30', TIME '10:30', 'https://ceskybeh.cz/zavody/excalibur-race-kids-ii-dolni-kounice-2026/', 1, 2, 1),
    (546, 'Excalibur Race KIDS I. Dolní Kounice', 'Dolní Kounice', DATE '2026-08-30', TIME '09:00', 'https://ceskybeh.cz/zavody/excalibur-race-kids-i-dolni-kounice-2026/', 1, 2, 1),
    (547, 'Excalibur Race DOG OCRC Dolní Kounice', 'Dolní Kounice', DATE '2026-08-30', TIME '11:00', 'https://ceskybeh.cz/zavody/excalibur-race-dog-ocrc-dolni-kounice-2026/', 1, 2, 1),
    (548, 'Predator Junior Dobřany', 'Dobřany', DATE '2026-08-30', TIME '08:00', 'https://ceskybeh.cz/zavody/predator-junior-dobrany-2026/', 2, 2, 1),
    (549, 'Běh okolo Hříšné Milady', 'Česká Lípa', DATE '2026-08-30', TIME '09:30', 'https://ceskybeh.cz/zavody/beh-okolo-hrisne-milady-2026/', 2, 2, 1),
    (550, 'Všenory - Jíloviště', 'Všenory', DATE '2026-08-30', TIME '11:00', 'https://ceskybeh.cz/zavody/vsenory-jiloviste-2026/', 1, 2, 1),
    (551, '3 x 1 km', 'Kopřivnice', DATE '2026-09-02', TIME '08:00', 'https://ceskybeh.cz/zavody/3-x-1-km-2026/', 1, 1, 1),
    (552, 'Běh na Senovou', 'Šumperk', DATE '2026-09-02', TIME '10:30', 'https://ceskybeh.cz/zavody/beh-na-senovou-2026/', 1, 2, 1),
    (553, 'Triexpert Cup - 12. závod', 'Brno', DATE '2026-09-02', TIME '09:30', 'https://ceskybeh.cz/zavody/triexpert-cup-12-zavod-2026/', 2, 1, 1),
    (554, 'Běh Anny-Marie', 'Praha 4', DATE '2026-09-02', TIME '09:00', 'https://ceskybeh.cz/zavody/beh-anny-marie-2026/', 2, 1, 1),
    (555, '55. Večerní běh Novou Včelnicí + 9. ročník memoriálu Josefa Jelínka', 'Nová Včelnice', DATE '2026-09-03', TIME '08:00', 'https://ceskybeh.cz/zavody/55-vecerni-beh-novou-vcelnici-9-rocnik-memorialu-josefa-jelinka-2026/', 1, 1, 1),
    (556, 'Urban Challenge Praha Letňany', 'Praha', DATE '2026-09-04', TIME '08:00', 'https://ceskybeh.cz/zavody/urban-challenge-praha-letnany-2026/', 2, 2, 1),
    (557, 'Přespolní běh v Řásné', 'Řásná', DATE '2026-09-04', TIME '08:00', 'https://ceskybeh.cz/zavody/prespolni-beh-v-rasne-2026/', 2, 1, 1),
    (558, 'Běh kolem Světa', 'Třeboň', DATE '2026-09-05', TIME '08:00', 'https://ceskybeh.cz/zavody/beh-kolem-sveta-2026/', 2, 1, 1),
    (559, 'DOPORUČUJEMEBirell Večerní Běh na 10 km Praha', 'Praha 1', DATE '2026-09-05', TIME '09:30', 'https://ceskybeh.cz/zavody/birell-vecerni-beh-na-10-km-praha-2025/', 2, 1, 1),
    (560, 'adidas Běh pro ženy 5 km Praha', 'Praha 1', DATE '2026-09-05', TIME '10:30', 'https://ceskybeh.cz/zavody/adidas-beh-pro-zeny-5-km-praha-2026/', 1, 1, 1),
    (561, '2 míle s úsměvem Zlín - září', 'Zlín', DATE '2026-09-05', TIME '09:00', 'https://ceskybeh.cz/zavody/2-mile-s-usmevem-zlin-zari-2026/', 1, 1, 1),
    (562, '2 míle s úsměvem Praha - září', 'Praha 7', DATE '2026-09-05', TIME '10:30', 'https://ceskybeh.cz/zavody/2-mile-s-usmevem-praha-zari-2026/', 1, 1, 1),
    (563, 'Kosiřské žiganec', 'Drahanovice', DATE '2026-09-05', TIME '09:00', 'https://ceskybeh.cz/zavody/kosirske-ziganec-2026/', 2, 2, 1),
    (564, 'Vorkloster run (1. etapa)', 'Předklášteří u Tišnova', DATE '2026-09-05', TIME '08:00', 'https://ceskybeh.cz/zavody/vorkloster-run-1-etapa-2026/', 1, 1, 1),
    (565, 'Vorkloster run (2. etapa)', 'Předklášteří u Tišnova', DATE '2026-09-05', TIME '08:30', 'https://ceskybeh.cz/zavody/vorkloster-run-2-etapa-2026/', 3, 2, 1),
    (566, 'Mirovice - Běh do háje', 'Mirovice', DATE '2026-09-05', TIME '10:30', 'https://ceskybeh.cz/zavody/mirovice-beh-do-haje-2026/', 2, 1, 1),
    (567, 'Podhostýnská 10', 'Bystřice pod Hostýnem', DATE '2026-09-05', TIME '09:30', 'https://ceskybeh.cz/zavody/podhostynska-10-2026/', 2, 1, 1),
    (568, 'Běh Plzeňské teplárenské kolem Boleveckých rybníků', 'Plzeň', DATE '2026-09-05', TIME '10:00', 'https://ceskybeh.cz/zavody/beh-plzenske-teplarenske-kolem-boleveckych-rybniku-2026/', 1, 2, 1),
    (569, 'Barokomaraton', 'Plasy', DATE '2026-09-05', TIME '09:00', 'https://ceskybeh.cz/zavody/barokomaraton-2026/', 5, 1, 1),
    (570, 'Strážný nahoru a dolů', 'Dolní Dobrouč', DATE '2026-09-05', TIME '08:30', 'https://ceskybeh.cz/zavody/strazny-nahoru-a-dolu-2026/', 2, 2, 1),
    (571, 'Běh klatovskou kolonádou', 'Klatovy', DATE '2026-09-05', TIME '08:30', 'https://ceskybeh.cz/zavody/beh-klatovskou-kolonadou-2026/', 1, 1, 1),
    (572, 'Vlašimský posvícenský běh', 'Vlašim', DATE '2026-09-05', TIME '08:00', 'https://ceskybeh.cz/zavody/vlasimsky-posvicensky-beh-2026/', 2, 2, 1),
    (573, 'Lupenická dvanáctka', 'Lupenice', DATE '2026-09-05', TIME '10:00', 'https://ceskybeh.cz/zavody/lupenicka-dvanactka-2026/', 2, 1, 1),
    (574, 'Jenštejnská pětka', 'Jenštejn', DATE '2026-09-05', TIME '10:00', 'https://ceskybeh.cz/zavody/jenstejnska-petka-2026/', 1, 1, 1),
    (575, 'Hory Bory', 'Dolní Lomná', DATE '2026-09-05', TIME '08:30', 'https://ceskybeh.cz/zavody/hory-bory-2026/', 5, 1, 1),
    (576, 'Zbraslavská Závist', 'Praha 5-Zbraslav', DATE '2026-09-05', TIME '11:00', 'https://ceskybeh.cz/zavody/zbraslavska-zavist-2026/', 1, 2, 1),
    (577, 'Gladiator Race Pevnost Terezín', 'Terezín', DATE '2026-09-05', TIME '10:00', 'https://ceskybeh.cz/zavody/gladiator-race-pevnost-terezin-2026/', 1, 2, 1),
    (578, '2 míle s úsměvem Olomouc - září', 'Olomouc', DATE '2026-09-06', TIME '09:00', 'https://ceskybeh.cz/zavody/2-mile-s-usmevem-olomouc-zari-2026/', 1, 1, 1),
    (579, 'Běh s Klokanem', 'Olomouc-Hejčín', DATE '2026-09-06', TIME '08:30', 'https://ceskybeh.cz/zavody/beh-s-klokanem-2026/', 2, 1, 1),
    (580, 'Vorkloster run (3. etapa)', 'Předklášteří u Tišnova', DATE '2026-09-06', TIME '09:00', 'https://ceskybeh.cz/zavody/vorkloster-run-3-etapa-2026/', 3, 2, 1),
    (581, 'Ostrava City Marathon', 'Ostrava', DATE '2026-09-06', TIME '10:30', 'https://ceskybeh.cz/zavody/ostrava-city-marathon-2026/', 4, 1, 1),
    (582, 'Podčerchovský kros', 'Chodov u Domažlic', DATE '2026-09-06', TIME '10:30', 'https://ceskybeh.cz/zavody/podcerchovsky-kros-2026/', 2, 2, 1),
    (583, 'Běh na Lahti', 'Děčín', DATE '2026-09-06', TIME '10:00', 'https://ceskybeh.cz/zavody/beh-na-lahti-2026/', 2, 1, 1),
    (584, 'Rychnov pomáhá během', 'Rychnov nad Kněžnou', DATE '2026-09-06', TIME '09:30', 'https://ceskybeh.cz/zavody/rychnov-pomaha-behem-2026/', 2, 1, 1),
    (585, 'Běh mezi mosty', 'Písek', DATE '2026-09-06', TIME '08:00', 'https://ceskybeh.cz/zavody/beh-mezi-mosty-2026/', 2, 1, 1),
    (586, 'Jihlavský půlmaraton', 'Jihlava', DATE '2026-09-06', TIME '10:00', 'https://ceskybeh.cz/zavody/jihlavsky-pulmaraton-2026/', 3, 1, 1),
    (587, 'Běžíme pro náhradní rodiny', 'Litoměřice', DATE '2026-09-06', TIME '09:00', 'https://ceskybeh.cz/zavody/bezime-pro-nahradni-rodiny-2026/', 2, 1, 1),
    (588, 'Horský čtvrtmaraton Jablonné nad Orlicí - Suchý vrch', 'Jablonné nad Orlicí', DATE '2026-09-06', TIME '09:00', 'https://ceskybeh.cz/zavody/horsky-ctvrtmaraton-jablonne-nad-orlici-suchy-vrch-2026/', 2, 2, 1),
    (589, 'Běžecká série Berounka - Srbsko', 'Srbsko', DATE '2026-09-07', TIME '11:00', 'https://ceskybeh.cz/zavody/bezecka-serie-berounka-srbsko-2026/', 2, 2, 1),
    (590, 'S kopečka do kopečka', 'Olomouc', DATE '2026-09-09', TIME '08:00', 'https://ceskybeh.cz/zavody/s-kopecka-do-kopecka-2026/', 2, 2, 1),
    (591, 'Okolo Lováku', 'Šumperk', DATE '2026-09-09', TIME '08:00', 'https://ceskybeh.cz/zavody/okolo-lovaku-2026/', 2, 2, 1),
    (592, 'Novostrašecký běh - Memoriál Vildy Šubrta', 'Nové Strašecí', DATE '2026-09-09', TIME '10:00', 'https://ceskybeh.cz/zavody/novostrasecky-beh-memorial-vildy-subrta-2026/', 1, 1, 1),
    (593, 'Triexpert Cup - 13. závod', 'Brno', DATE '2026-09-09', TIME '10:00', 'https://ceskybeh.cz/zavody/triexpert-cup-13-zavod-2026/', 2, 1, 1),
    (594, 'Geofyzikální běh', 'Praha 4', DATE '2026-09-09', TIME '08:00', 'https://ceskybeh.cz/zavody/geofyzikalni-beh-2026/', 1, 2, 1),
    (595, 'Štafetová míle - 4 . kolo (Finále)', 'Ostrava-Hrabová', DATE '2026-09-09', TIME '08:00', 'https://ceskybeh.cz/zavody/stafetova-mile-4-kolo-finale-2026/', 2, 1, 1),
    (596, '7. Běh pro zdraví', 'Karviná', DATE '2026-09-10', TIME '10:00', 'https://ceskybeh.cz/zavody/7-beh-pro-zdravi-2026/', 1, 1, 1),
    (597, 'Witzenmann Opavská míle', 'Opava', DATE '2026-09-10', TIME '10:30', 'https://ceskybeh.cz/zavody/witzenmann-opavska-mile-2026/', 1, 1, 1),
    (598, 'Noční běh pro světlušku Liberec', 'Liberec', DATE '2026-09-10', TIME '10:30', 'https://ceskybeh.cz/zavody/nocni-beh-pro-svetlusku-liberec-2026/', 1, 1, 1),
    (599, 'Běh Akátkami', 'Brno-Židenice', DATE '2026-09-10', TIME '09:00', 'https://ceskybeh.cz/zavody/beh-akatkami-2026/', 1, 1, 1),
    (600, 'Prajzské kilo', 'Ludgeřovice', DATE '2026-09-11', TIME '09:00', 'https://ceskybeh.cz/zavody/prajzske-kilo-2026/', 5, 1, 1),
    (601, 'Jihlavská hodinovka', 'Jihlava', DATE '2026-09-11', TIME '10:00', 'https://ceskybeh.cz/zavody/jihlavska-hodinovka-2026/', 2, 3, 1),
    (602, 'DOPORUČUJEMEČEZ RunTour Brno', 'Brno', DATE '2026-09-12', TIME '10:30', 'https://ceskybeh.cz/zavody/cez-runtour-brno-2026/', 2, 1, 1),
    (603, 'Přeloučská desítka', 'Přelouč', DATE '2026-09-12', TIME '10:30', 'https://ceskybeh.cz/zavody/preloucska-desitka-2026/', 2, 1, 1),
    (604, 'Běh na Boží horu', 'Ivančice', DATE '2026-09-12', TIME '09:30', 'https://ceskybeh.cz/zavody/beh-na-bozi-horu-2026/', 2, 1, 1),
    (605, 'Abertamský kros', 'Abertamy', DATE '2026-09-12', TIME '09:00', 'https://ceskybeh.cz/zavody/abertamsky-kros-2026/', 2, 2, 1),
    (606, 'Běh Kovohutěmi', 'Lhota u Příbramě', DATE '2026-09-12', TIME '10:30', 'https://ceskybeh.cz/zavody/beh-kovohutemi-2026/', 3, 1, 1),
    (607, 'Strojařská desítka', 'Zlín', DATE '2026-09-12', TIME '08:00', 'https://ceskybeh.cz/zavody/strojarska-desitka-2026/', 2, 1, 1),
    (608, 'Běh přátelství Klenčí pod Čerchovem - Waldmünchen', 'Klenčí pod Čerchovem', DATE '2026-09-12', TIME '08:00', 'https://ceskybeh.cz/zavody/beh-pratelstvi-klenci-pod-cerchovem-waldmunchen-2026/', 3, 1, 1),
    (609, 'Bezdězský půlmaraton', 'Doksy', DATE '2026-09-12', TIME '09:30', 'https://ceskybeh.cz/zavody/bezdezsky-pulmaraton-2026/', 3, 2, 1),
    (610, 'DOPORUČUJEMENN Night Run Praha', 'Praha 7-Letná', DATE '2026-09-12', TIME '08:00', 'https://ceskybeh.cz/zavody/nn-night-run-praha-2026/', 2, 1, 1),
    (611, '7 pohoří Krkonoše', 'Benecko', DATE '2026-09-12', TIME '09:00', 'https://ceskybeh.cz/zavody/7-pohori-krkonose-2026/', 3, 2, 1),
    (612, 'Trmická desítka za Přemyslem Oráčem', 'Trmice', DATE '2026-09-12', TIME '10:30', 'https://ceskybeh.cz/zavody/trmicka-desitka-za-premyslem-oracem-2026/', 2, 1, 1),
    (613, 'Běh k Mohyle Hanče a Vrbaty', 'Špindlerův Mlýn', DATE '2026-09-12', TIME '10:00', 'https://ceskybeh.cz/zavody/beh-k-mohyle-hance-a-vrbaty-2026/', 2, 2, 1),
    (614, 'Dětmarovická 10', 'Dětmarovice', DATE '2026-09-12', TIME '08:30', 'https://ceskybeh.cz/zavody/detmarovicka-10-2026/', 2, 1, 1),
    (615, 'Kilák na Panák', 'Ždánice', DATE '2026-09-12', TIME '10:30', 'https://ceskybeh.cz/zavody/kilak-na-panak-2026/', 1, 2, 1),
    (616, 'Okolo Kolovrat', 'Praha - Kolovraty', DATE '2026-09-12', TIME '10:30', 'https://ceskybeh.cz/zavody/okolo-kolovrat-2026/', 3, 1, 1),
    (617, 'Okolo Muňáku', 'Munice u Hluboké nad Vltavou', DATE '2026-09-13', TIME '08:00', 'https://ceskybeh.cz/zavody/okolo-munaku-2026/', 2, 1, 1),
    (618, 'Vrchlabský 1/2 Maraton', 'Vrchlabí', DATE '2026-09-13', TIME '11:00', 'https://ceskybeh.cz/zavody/vrchlabsky-1-2-maraton-2026/', 3, 1, 1),
    (619, 'Běh na Petřínskou rozhlednu', 'Praha 1 - Újezd', DATE '2026-09-13', TIME '10:00', 'https://ceskybeh.cz/zavody/beh-na-petrinskou-rozhlednu-2026/', 1, 2, 1),
    (620, 'Forestova čtrnáctka', 'Záluží u Třemošné', DATE '2026-09-13', TIME '10:30', 'https://ceskybeh.cz/zavody/forestova-ctrnactka-2026/', 3, 1, 1),
    (621, 'Králický Lískovec', 'Králíky', DATE '2026-09-13', TIME '09:30', 'https://ceskybeh.cz/zavody/kralicky-liskovec-2026/', 2, 2, 1),
    (622, 'Kokořínský kros', 'Mšeno', DATE '2026-09-13', TIME '11:00', 'https://ceskybeh.cz/zavody/inov-8-kokorinsky-kros-2026/', 3, 2, 1),
    (623, 'Hostivařská 15°', 'Praha 10 - Hostivař', DATE '2026-09-13', TIME '09:00', 'https://ceskybeh.cz/zavody/hostivarska-15-2026/', 3, 1, 1),
    (624, 'Běh Cvikovem', 'Cvikov', DATE '2026-09-13', TIME '10:30', 'https://ceskybeh.cz/zavody/beh-cvikovem-2026/', 3, 1, 1),
    (625, '4Drun', 'Dubany u Prostějova', DATE '2026-09-13', TIME '11:00', 'https://ceskybeh.cz/zavody/4drun-2026/', 2, 1, 1),
    (626, 'Tempo Makers Run Plzeň v Pytli - září', 'Plzeň', DATE '2026-09-15', TIME '10:00', 'https://ceskybeh.cz/zavody/tempo-makers-run-plzen-v-pytli-zari-2026/', 2, 1, 1),
    (627, '5 a 10 km VAŠÍ LIGY 2026 (10) - zářijový', 'Praha 4-Braník', DATE '2026-09-16', TIME '08:30', 'https://ceskybeh.cz/zavody/5-a-10-km-vasi-ligy-2026-10-zarijovy-2026/', 2, 1, 1),
    (628, 'Triexpert Cup - 14. závod', 'Brno', DATE '2026-09-16', TIME '10:30', 'https://ceskybeh.cz/zavody/triexpert-cup-14-zavod-2026/', 2, 1, 1),
    (629, 'Podzimní běh okolo Europlantu', 'Praha 9-Horní Počernice', DATE '2026-09-16', TIME '09:30', 'https://ceskybeh.cz/zavody/podzimni-beh-okolo-europlantu-2026/', 2, 1, 1),
    (630, 'Race for the Cure', 'Praha 6', DATE '2026-09-16', TIME '09:30', 'https://ceskybeh.cz/zavody/race-for-the-cure-2026/', 1, 2, 1),
    (631, 'Běh proti násilí', 'Praha 6', DATE '2026-09-17', TIME '08:30', 'https://ceskybeh.cz/zavody/beh-proti-nasili-2026/', 1, 1, 1),
    (632, 'DOPORUČUJEMEMattoni Running Festival Ústí nad Labem', 'Ústí nad Labem', DATE '2026-09-19', TIME '08:30', 'https://ceskybeh.cz/zavody/mattoni-running-festival-usti-nad-labem-2026/', 3, 1, 1),
    (633, 'Mladé Běchovice', 'Praha-Běchovice', DATE '2026-09-19', TIME '10:00', 'https://ceskybeh.cz/zavody/mlade-bechovice-2026/', 1, 1, 1),
    (634, 'DOPORUČUJEMEBěhej lesy Železná Ruda', 'Špičák', DATE '2026-09-19', TIME '09:30', 'https://ceskybeh.cz/zavody/behej-lesy-zelezna-ruda-2026/', 3, 2, 1),
    (635, 'Běh Moravským krasem', 'Sloup v Moravském krasu', DATE '2026-09-19', TIME '08:00', 'https://ceskybeh.cz/zavody/beh-moravskym-krasem-2026/', 3, 1, 1),
    (636, 'Litovelská nealkoholická čtrnáctka', 'Litovel', DATE '2026-09-19', TIME '09:00', 'https://ceskybeh.cz/zavody/litovelska-nealkoholicka-ctrnactka-2026/', 3, 2, 1),
    (637, 'Podzimní běh Heřmanův Městec', 'Heřmanův Městec', DATE '2026-09-19', TIME '10:00', 'https://ceskybeh.cz/zavody/podzimni-beh-hermanuv-mestec-2026/', 2, 2, 1),
    (638, 'DOPORUČUJEMEKačina Run', 'Svatý Mikuláš', DATE '2026-09-19', TIME '10:00', 'https://ceskybeh.cz/zavody/kacina-run-2026/', 3, 2, 1),
    (639, 'Hořovický cvoček', 'Hořovice', DATE '2026-09-19', TIME '09:00', 'https://ceskybeh.cz/zavody/horovicky-cvocek-2026/', 2, 1, 1),
    (640, 'Trail Running Cup - Zátopkova 10', 'Stará Boleslav', DATE '2026-09-19', TIME '10:00', 'https://ceskybeh.cz/zavody/trail-running-cup-2026-zatopkova-10-2026/', 2, 1, 1),
    (641, 'Leskros Mácháč', 'Doksy', DATE '2026-09-19', TIME '11:00', 'https://ceskybeh.cz/zavody/leskros-machac-2026/', 3, 2, 1),
    (642, 'Štramberský Jasoň', 'Frýdlant nad Ostravicí', DATE '2026-09-19', TIME '09:00', 'https://ceskybeh.cz/zavody/strambersky-jason-2026/', 5, 1, 1),
    (643, 'Cvilínské schody', 'Cvilín', DATE '2026-09-19', TIME '11:00', 'https://ceskybeh.cz/zavody/cvilinske-schody-2026/', 2, 1, 1),
    (644, 'Cross po lyžařských tratích', 'Česká Třebová', DATE '2026-09-19', TIME '10:00', 'https://ceskybeh.cz/zavody/cross-po-lyzarskych-tratich-2026/', 2, 2, 1),
    (645, 'Kladenský maratón', 'Kladno', DATE '2026-09-19', TIME '09:30', 'https://ceskybeh.cz/zavody/kladensky-maraton-2026/', 4, 1, 1),
    (646, 'Havlíčkova pětka', 'Havlíčkův Brod', DATE '2026-09-19', TIME '09:00', 'https://ceskybeh.cz/zavody/havlickova-petka-2026/', 1, 1, 1),
    (647, 'Běh rodným krajem Emila Zátopka', 'Kopřivnice', DATE '2026-09-19', TIME '10:30', 'https://ceskybeh.cz/zavody/beh-rodnym-krajem-emila-zatopka-2026/', 3, 1, 1),
    (648, 'Běh s holubicí', 'Holubice', DATE '2026-09-19', TIME '08:30', 'https://ceskybeh.cz/zavody/beh-s-holubici-2026/', 2, 2, 1),
    (649, 'Kocelovice-Hornosín-Kocelovice', 'Kocelovice u Blatné', DATE '2026-09-19', TIME '10:00', 'https://ceskybeh.cz/zavody/kocelovice-hornosin-kocelovice-2026/', 2, 1, 1),
    (650, 'Běh lipovou alejí', 'Zahrádky', DATE '2026-09-19', TIME '09:00', 'https://ceskybeh.cz/zavody/beh-lipovou-aleji-2026/', 2, 1, 1),
    (651, 'Havlíčkobrodský půlmaraton', 'Havlíčkův Brod', DATE '2026-09-19', TIME '09:00', 'https://ceskybeh.cz/zavody/havlickobrodsky-pulmaraton-2026/', 3, 1, 1),
    (652, 'Běh pro Hospic Anežky České', 'Červený Kostelec', DATE '2026-09-19', TIME '08:30', 'https://ceskybeh.cz/zavody/beh-pro-hospic-anezky-ceske-2026/', 2, 1, 1),
    (653, 'Jilemnice - Žalý', 'Jilemnice', DATE '2026-09-19', TIME '10:30', 'https://ceskybeh.cz/zavody/jilemnice-zaly-2026/', 2, 2, 1),
    (654, 'Soběchlebský Š-krpál', 'Obec Soběchleby', DATE '2026-09-19', TIME '09:00', 'https://ceskybeh.cz/zavody/sobechlebsky-s-krpal-2026/', 2, 2, 1),
    (655, 'Dvanáctka z Jasének', 'Hlučín', DATE '2026-09-19', TIME '09:00', 'https://ceskybeh.cz/zavody/dvanactka-z-jasenek-2026/', 2, 1, 1),
    (656, 'Gladiator Race Český ráj', 'Branžež', DATE '2026-09-19', TIME '09:00', 'https://ceskybeh.cz/zavody/gladiator-race-cesky-raj-2026/', 1, 2, 1),
    (657, 'Černošický běh', 'Černošice', DATE '2026-09-19', TIME '09:30', 'https://ceskybeh.cz/zavody/cernosicky-beh-2026/', 2, 2, 1),
    (658, 'Lipno.trail.run.', 'Lipno nad Vltavou', DATE '2026-09-19', TIME '08:00', 'https://ceskybeh.cz/zavody/lipno-trail-run-2026/', 5, 1, 1),
    (659, 'Běh a pochod pro útulky', 'Praha 7', DATE '2026-09-20', TIME '08:00', 'https://ceskybeh.cz/zavody/beh-a-pochod-pro-utulky-2026/', 1, 1, 1),
    (660, 'Eleven Trail Český ráj', 'Branžež', DATE '2026-09-20', TIME '08:30', 'https://ceskybeh.cz/zavody/trail-cesky-raj-2026/', 3, 2, 1),
    (661, 'Canicross Český ráj', 'Branžež', DATE '2026-09-20', TIME '10:00', 'https://ceskybeh.cz/zavody/canicross-cesky-raj-2026/', 2, 2, 1),
    (662, 'Šternberský horský běh', 'Šternberk', DATE '2026-09-20', TIME '08:30', 'https://ceskybeh.cz/zavody/sternbersky-horsky-beh-2026/', 3, 2, 1),
    (663, 'Memoriál Matěje Mauera', 'Capartice', DATE '2026-09-20', TIME '09:30', 'https://ceskybeh.cz/zavody/memorial-mateje-mauera-2026/', 2, 1, 1),
    (664, 'Schody AŽ nahoru - MČR v běhu do schodů', 'Brno', DATE '2026-09-20', TIME '09:00', 'https://ceskybeh.cz/zavody/schody-az-nahoru-mcr-v-behu-do-schodu-2026/', 2, 1, 1),
    (665, 'Burčáková šestka', 'Dolní Bojanovice', DATE '2026-09-20', TIME '10:30', 'https://ceskybeh.cz/zavody/burcakova-sestka-2026/', 1, 1, 1),
    (666, 'DOPORUČUJEMEŠKODA FIT půlmaraton', 'Plzeň', DATE '2026-09-20', TIME '10:30', 'https://ceskybeh.cz/zavody/skoda-fit-pulmaraton-2026/', 3, 1, 1),
    (667, 'Ralská desítka', 'Mimoň', DATE '2026-09-20', TIME '08:30', 'https://ceskybeh.cz/zavody/ralska-desitka-2026/', 2, 2, 1),
    (668, 'Hvězdná desítka - Běh Jana Rocka', 'Praha 6', DATE '2026-09-20', TIME '10:30', 'https://ceskybeh.cz/zavody/hvezdna-desitka-beh-jana-rocka-2026/', 2, 2, 1),
    (669, 'Přes desenské kopce', 'Desná v Jizerských horách', DATE '2026-09-20', TIME '10:30', 'https://ceskybeh.cz/zavody/pres-desenske-kopce-2026/', 2, 1, 1),
    (670, '404. Malá cena Monaka', 'Slatiňany', DATE '2026-09-23', TIME '08:30', 'https://ceskybeh.cz/zavody/404-mala-cena-monaka-2026/', 2, 2, 1),
    (671, 'Kros obchodní akademie', 'Šumperk', DATE '2026-09-23', TIME '10:30', 'https://ceskybeh.cz/zavody/kros-obchodni-akademie-2026/', 1, 2, 1),
    (672, 'Triexpert Cup - 15. závod', 'Brno', DATE '2026-09-23', TIME '11:00', 'https://ceskybeh.cz/zavody/triexpert-cup-15-zavod-2026/', 2, 1, 1),
    (673, 'Slezanská hodinovka', 'Frýdek-Místek', DATE '2026-09-23', TIME '10:30', 'https://ceskybeh.cz/zavody/slezanska-hodinovka-2026/', 2, 3, 1),
    (674, 'Noční běh pro světlušku Zlín', 'Zlín', DATE '2026-09-24', TIME '09:30', 'https://ceskybeh.cz/zavody/nocni-beh-pro-svetlusku-zlin-2026/', 2, 1, 1),
    (675, 'Běh okolo Campusu', 'Brno', DATE '2026-09-24', TIME '08:00', 'https://ceskybeh.cz/zavody/beh-okolo-campusu-2026/', 1, 1, 1),
    (676, 'Eleven Večerní běh', 'Jablonec nad Nisou', DATE '2026-09-25', TIME '10:00', 'https://ceskybeh.cz/zavody/eleven-vecerni-beh-2026/', 1, 1, 1),
    (677, 'Běh Březinou v Polné', 'Polná u Jihlavy', DATE '2026-09-25', TIME '11:00', 'https://ceskybeh.cz/zavody/beh-brezinou-v-polne-2026/', 2, 2, 1),
    (678, 'Obstacle Race 3.3', 'Příbram', DATE '2026-09-25', TIME '10:00', 'https://ceskybeh.cz/zavody/obstacle-race-3-3-2026/', 2, 2, 1),
    (679, 'Urban Challenge Ostrava', 'Ostrava', DATE '2026-09-25', TIME '10:30', 'https://ceskybeh.cz/zavody/urban-challenge-ostrava-2026/', 2, 2, 1),
    (680, 'Mělnický vinařský běh', 'Mělník', DATE '2026-09-26', TIME '08:30', 'https://ceskybeh.cz/zavody/melnicky-vinarsky-beh-2026/', 3, 1, 1),
    (681, 'Grymovská pětka', 'Grymov', DATE '2026-09-26', TIME '10:00', 'https://ceskybeh.cz/zavody/grymovska-petka-2026/', 1, 1, 1),
    (682, 'Běh Bohutínem', 'Bohutín', DATE '2026-09-26', TIME '09:00', 'https://ceskybeh.cz/zavody/beh-bohutinem-2026/', 2, 1, 1),
    (683, 'Běh Zlínského kraje', 'Zlín', DATE '2026-09-26', TIME '09:30', 'https://ceskybeh.cz/zavody/beh-zlinskeho-kraje-2026/', 1, 1, 1),
    (684, 'Běh Velké skály', 'Děčín', DATE '2026-09-26', TIME '08:30', 'https://ceskybeh.cz/zavody/beh-velke-skaly-2026/', 2, 2, 1),
    (685, 'Plzeňský kardioběh', 'Plzeň-Roudná', DATE '2026-09-26', TIME '11:00', 'https://ceskybeh.cz/zavody/plzensky-kardiobeh-2026/', 2, 2, 1),
    (686, 'KEEN Prague Park Race – Konopiště', 'Konopiště', DATE '2026-09-26', TIME '09:30', 'https://ceskybeh.cz/zavody/salomon-prague-park-race-konopiste-2026/', 3, 2, 1),
    (687, '7 pohoří Beskydy', 'Trojanovice', DATE '2026-09-26', TIME '08:30', 'https://ceskybeh.cz/zavody/7-pohori-beskydy-2026/', 4, 2, 1),
    (688, 'ŠumpeRUN', 'Šumperk', DATE '2026-09-26', TIME '08:00', 'https://ceskybeh.cz/zavody/sumperun-2026/', 2, 1, 1),
    (689, 'K3-run', 'Krčmaň', DATE '2026-09-26', TIME '08:30', 'https://ceskybeh.cz/zavody/k3-run-2026/', 2, 1, 1),
    (690, 'City Cross Run&Walk', 'Česká Lípa', DATE '2026-09-26', TIME '10:30', 'https://ceskybeh.cz/zavody/city-cross-run-walk-2026/', 3, 2, 1),
    (691, 'DOPORUČUJEMEBěchovice - Praha, MČR v silničním běhu mužů, žen, juniorů a juniorek', 'Praha-Běchovice', DATE '2026-09-27', TIME '10:30', 'https://ceskybeh.cz/zavody/bechovice-praha-mcr-v-silnicnim-behu-muzu-zen-junioru-a-juniorek-2026/', 2, 1, 1),
    (692, 'Běh metropole Praha 1', 'Praha 1', DATE '2026-09-27', TIME '08:30', 'https://ceskybeh.cz/zavody/beh-metropole-praha-1-2026/', 1, 1, 1),
    (693, 'Saar Challenge - Trail', 'Hlinsko v Čechách', DATE '2026-09-27', TIME '08:00', 'https://ceskybeh.cz/zavody/saar-challenge-trail-2026/', 5, 2, 1),
    (694, 'Ivančická hodinovka', 'Ivančice', DATE '2026-09-28', TIME '08:00', 'https://ceskybeh.cz/zavody/ivancicka-hodinovka-2026/', 2, 3, 1),
    (695, 'Svatováclavský běh Blažovicemi', 'Blažovice', DATE '2026-09-28', TIME '10:30', 'https://ceskybeh.cz/zavody/svatovaclavsky-beh-blazovicemi-2026/', 2, 2, 1),
    (696, 'Běh Neumannovou stezkou', 'Unhošť', DATE '2026-09-28', TIME '08:00', 'https://ceskybeh.cz/zavody/beh-neumannovou-stezkou-2026/', 2, 1, 1),
    (697, 'MilešovKa(p)', 'Teplice', DATE '2026-09-28', TIME '08:30', 'https://ceskybeh.cz/zavody/milesovka-p-2026/', 3, 1, 1),
    (698, 'Jimlínská tretra', 'Zeměchy', DATE '2026-09-28', TIME '10:00', 'https://ceskybeh.cz/zavody/jimlinska-tretra-2026/', 2, 1, 1),
    (699, 'Běh kolem Panské skály', 'Kamenický Šenov-Prácheň', DATE '2026-09-28', TIME '10:00', 'https://ceskybeh.cz/zavody/beh-kolem-panske-skaly-2026/', 1, 1, 1),
    (700, 'Půlmaraton Moravským krasem', 'Blansko', DATE '2026-09-28', TIME '09:00', 'https://ceskybeh.cz/zavody/pulmaraton-moravskym-krasem-2026/', 3, 1, 1),
    (701, 'Hlaváčkova desítka', 'Zálesní Lhota', DATE '2026-09-28', TIME '08:30', 'https://ceskybeh.cz/zavody/hlavackova-desitka-2026/', 2, 1, 1),
    (702, 'Biatlonový závod svobody', 'Březovec u Zubří', DATE '2026-09-28', TIME '08:00', 'https://ceskybeh.cz/zavody/biatlonovy-zavod-svobody-2026/', 1, 1, 1),
    (703, 'Šumperská hodinovka', 'Šumperk', DATE '2026-09-30', TIME '09:00', 'https://ceskybeh.cz/zavody/sumperska-hodinovka-2026/', 2, 3, 1),
    (704, 'Podzimní běh projektantů "Od hospody k hospodě"', 'Praha 4-Krč', DATE '2026-10-01', TIME '11:00', 'https://ceskybeh.cz/zavody/podzimni-beh-projektantu-od-hospody-k-hospode-2026/', 1, 2, 1),
    (705, 'Běh Karla Havlíčka Borovského', 'Havlíčkův Brod', DATE '2026-10-02', TIME '09:30', 'https://ceskybeh.cz/zavody/beh-karla-havlicka-borovskeho-2026/', 2, 1, 1),
    (706, 'Běh kolem Hejtmanu', 'Chlum u Třeboně', DATE '2026-10-03', TIME '10:30', 'https://ceskybeh.cz/zavody/beh-kolem-hejtmanu-2026/', 2, 1, 1),
    (707, 'DOPORUČUJEMEMattoni Liberec Trail Run', 'Liberec', DATE '2026-10-03', TIME '09:30', 'https://ceskybeh.cz/zavody/mattoni-liberec-trail-run-2026/', 3, 1, 1),
    (708, 'DOPORUČUJEMEČEZ RunTour Praha', 'Praha 6', DATE '2026-10-03', TIME '10:30', 'https://ceskybeh.cz/zavody/cez-runtour-praha-2026/', 2, 1, 1),
    (709, 'Puma Třeboňský půl/maraton, 10 km a 5 km', 'Třeboň', DATE '2026-10-03', TIME '09:30', 'https://ceskybeh.cz/zavody/puma-trebonsky-pul-maraton-10-km-a-5-km-2026/', 4, 1, 1),
    (710, 'Run Berounka Run', 'Plzeň', DATE '2026-10-03', TIME '08:00', 'https://ceskybeh.cz/zavody/run-berounka-run-2026/', 5, 1, 1),
    (711, '2 míle s úsměvem Zlín - říjen', 'Zlín', DATE '2026-10-03', TIME '08:00', 'https://ceskybeh.cz/zavody/2-mile-s-usmevem-zlin-rijen-2026/', 1, 1, 1),
    (712, '2 míle s úsměvem Praha - říjen', 'Praha 7', DATE '2026-10-03', TIME '09:30', 'https://ceskybeh.cz/zavody/2-mile-s-usmevem-praha-rijen-2026/', 1, 1, 1),
    (713, 'Běh na Čerťák', 'Rýmařov-Flemda', DATE '2026-10-03', TIME '11:00', 'https://ceskybeh.cz/zavody/beh-na-certak-2026/', 3, 2, 1),
    (714, 'Benešovská osmička', 'Benešov u Semil', DATE '2026-10-03', TIME '08:00', 'https://ceskybeh.cz/zavody/benesovska-osmicka-2026/', 2, 2, 1),
    (715, 'Běh města Příbrami', 'Příbram', DATE '2026-10-03', TIME '08:00', 'https://ceskybeh.cz/zavody/beh-mesta-pribrami-2026/', 2, 1, 1),
    (716, 'SILESIA kros 1/2marathonZRUŠENO', 'Opava-Kylešovice', DATE '2026-10-03', TIME '09:00', 'https://ceskybeh.cz/zavody/silesia-kros-1-2marathon-2026/', 3, 2, 1),
    (717, 'Běh zámeckým parkem', 'Vlašim', DATE '2026-10-03', TIME '08:00', 'https://ceskybeh.cz/zavody/beh-zameckym-parkem-vlasim-2026/', 2, 1, 1),
    (718, 'Z(a)tracené vrchy', 'Bordovice', DATE '2026-10-03', TIME '10:00', 'https://ceskybeh.cz/zavody/z-a-tracene-vrchy-2026/', 5, 1, 1),
    (719, 'Běh Pístovickou riviérou', 'Pístovice u Vyškova', DATE '2026-10-03', TIME '08:30', 'https://ceskybeh.cz/zavody/beh-pistovickou-rivierou-2026/', 2, 2, 1),
    (720, 'Spořická šestka', 'Spořice', DATE '2026-10-03', TIME '08:30', 'https://ceskybeh.cz/zavody/sporicka-sestka-2026/', 1, 1, 1),
    (721, 'Cibulka - Košířský okruh', 'Praha 5-Košíře', DATE '2026-10-03', TIME '08:00', 'https://ceskybeh.cz/zavody/cibulka-kosirsky-okruh-2026/', 1, 2, 1),
    (722, 'Běh za bořetickým burčákem', 'Bořetice', DATE '2026-10-03', TIME '11:00', 'https://ceskybeh.cz/zavody/beh-za-boretickym-burcakem-2026/', 2, 1, 1),
    (723, 'SKYRUN', 'Loučná nad Desnou', DATE '2026-10-03', TIME '09:00', 'https://ceskybeh.cz/zavody/skyrun-2026/', 3, 1, 1),
    (724, 'OLFINCAR Hradecký půlmaraton', 'Hradec Králové', DATE '2026-10-04', TIME '10:30', 'https://ceskybeh.cz/zavody/olfincar-hradecky-pulmaraton-2026/', 3, 1, 1),
    (725, '2 míle s úsměvem Olomouc - říjen', 'Olomouc', DATE '2026-10-04', TIME '08:00', 'https://ceskybeh.cz/zavody/2-mile-s-usmevem-olomouc-rijen-2026/', 1, 1, 1),
    (726, 'Horský běh Alfrédka - Memoriál Miroslava Čermáka', 'Stará Ves u Rýmařova', DATE '2026-10-04', TIME '11:00', 'https://ceskybeh.cz/zavody/horsky-beh-alfredka-memorial-miroslava-cermaka-2026/', 3, 2, 1),
    (727, 'Běh okolo Panoramy', 'Jáchymov', DATE '2026-10-04', TIME '08:00', 'https://ceskybeh.cz/zavody/beh-okolo-panoramy-2026/', 2, 1, 1),
    (728, 'Běh údolím Orlice', 'Klášterec nad Orlicí', DATE '2026-10-04', TIME '08:30', 'https://ceskybeh.cz/zavody/beh-udolim-orlice-2026/', 2, 1, 1),
    (729, 'Slatinský kros', 'Brno-Slatina', DATE '2026-10-04', TIME '10:30', 'https://ceskybeh.cz/zavody/slatinsky-kros-2026/', 1, 2, 1),
    (730, 'Kozelský cross', 'Zámek Kozel', DATE '2026-10-04', TIME '09:30', 'https://ceskybeh.cz/zavody/kozelsky-cross-2026/', 1, 2, 1),
    (731, 'Běh v Rudě', 'Ruda nad Moravou', DATE '2026-10-04', TIME '11:00', 'https://ceskybeh.cz/zavody/beh-v-rude-2026/', 2, 2, 1),
    (732, 'Roštejnské stráně', 'Telč', DATE '2026-10-04', TIME '08:00', 'https://ceskybeh.cz/zavody/rostejnske-strane-2026/', 1, 1, 1),
    (733, 'Běh kolem Lužnice', 'Veselí nad Lužnicí', DATE '2026-10-04', TIME '11:00', 'https://ceskybeh.cz/zavody/beh-kolem-luznice-2026/', 2, 2, 1),
    (734, 'Balvanův běh', 'Rudná', DATE '2026-10-04', TIME '09:00', 'https://ceskybeh.cz/zavody/balvanuv-beh-2026/', 1, 2, 1),
    (735, 'Huť - Bratříkov - Huť', 'Huť u Jablonce nad Nisou', DATE '2026-10-04', TIME '09:30', 'https://ceskybeh.cz/zavody/hut-bratrikov-hut-2026/', 2, 2, 1),
    (736, 'Kingspan Běh proti rakovině', 'Hradec Králové', DATE '2026-10-04', TIME '10:00', 'https://ceskybeh.cz/zavody/kingspan-beh-proti-rakovine-2026/', 1, 1, 1),
    (737, 'Běžecká série Berounka - Tetín', 'Tetín', DATE '2026-10-05', TIME '10:30', 'https://ceskybeh.cz/zavody/bezecka-serie-berounka-tetin-2026/', 2, 2, 1),
    (738, 'Mrdická mašina', 'Heřmanův Městec', DATE '2026-10-06', TIME '08:30', 'https://ceskybeh.cz/zavody/mrdicka-masina-2026/', 1, 1, 1),
    (739, 'Malínská Osmička', 'Nový Malín', DATE '2026-10-07', TIME '08:30', 'https://ceskybeh.cz/zavody/malinska-osmicka-2026/', 2, 2, 1),
    (740, 'Roštejnskou oborou', 'Růžená', DATE '2026-10-09', TIME '09:00', 'https://ceskybeh.cz/zavody/rostejnskou-oborou-2026/', 2, 1, 1),
    (741, 'Pražský Kelt', 'Praha 4-Kunratice', DATE '2026-10-09', TIME '10:30', 'https://ceskybeh.cz/zavody/prazsky-kelt-2026/', 5, 1, 1),
    (742, 'MUTRAverz - Mikulovský Ultra Trail Run (2)', 'Mikulov', DATE '2026-10-10', TIME '10:30', 'https://ceskybeh.cz/zavody/mutraverz-mikulovsky-ultra-trail-run-2-2026/', 2, 2, 1),
    (743, 'Běh Borským parkem', 'Plzeň', DATE '2026-10-10', TIME '09:00', 'https://ceskybeh.cz/zavody/beh-borskym-parkem-2026/', 1, 2, 1),
    (744, 'DOPORUČUJEMEBěhej lesy Lednice', 'Lednice', DATE '2026-10-10', TIME '08:30', 'https://ceskybeh.cz/zavody/behej-lesy-lednice-2026/', 4, 2, 1),
    (745, 'Hradčanské vlnky', 'Hradčany', DATE '2026-10-10', TIME '11:00', 'https://ceskybeh.cz/zavody/hradcanske-vlnky-2026/', 3, 2, 1),
    (746, 'Podzimní běh Olympu', 'Praha 7', DATE '2026-10-10', TIME '11:00', 'https://ceskybeh.cz/zavody/podzimni-beh-olympu-2026/', 1, 2, 1),
    (747, 'Benešovský půlmaratón a desítka Pojizeřím', 'Benešov u Semil', DATE '2026-10-10', TIME '09:00', 'https://ceskybeh.cz/zavody/benesovsky-pulmaraton-a-desitka-pojizerim-2026/', 3, 1, 1),
    (748, 'Běh Bukovem', 'Plískov', DATE '2026-10-10', TIME '09:30', 'https://ceskybeh.cz/zavody/beh-bukovem-2026/', 2, 2, 1),
    (749, 'Kašavský kros', 'Kašava', DATE '2026-10-10', TIME '08:00', 'https://ceskybeh.cz/zavody/kasavsky-kros-2026/', 3, 1, 1),
    (750, 'Rybský trhák', 'Rybí', DATE '2026-10-10', TIME '10:00', 'https://ceskybeh.cz/zavody/rybsky-trhak-2026/', 2, 1, 1),
    (751, 'Běh pro Kleofáše', 'Třeboň', DATE '2026-10-10', TIME '08:00', 'https://ceskybeh.cz/zavody/beh-pro-kleofase-2026/', 2, 1, 1),
    (752, 'Malá cena Špindlerova Mlýna', 'Špindlerův Mlýn', DATE '2026-10-10', TIME '09:30', 'https://ceskybeh.cz/zavody/mala-cena-spindlerova-mlyna-2026/', 3, 2, 1),
    (753, 'Lubenská desítka cross', 'Lubná u Poličky', DATE '2026-10-10', TIME '10:00', 'https://ceskybeh.cz/zavody/lubenska-desitka-cross-2026/', 2, 2, 1),
    (754, 'DOPORUČUJEMEVokolo priglu', 'Brno-Bystrc', DATE '2026-10-10', TIME '10:00', 'https://ceskybeh.cz/zavody/vokolo-priglu-2026/', 3, 1, 1),
    (755, 'Červený okruh', 'Doksy', DATE '2026-10-10', TIME '10:30', 'https://ceskybeh.cz/zavody/cerveny-okruh-2026/', 2, 2, 1),
    (756, 'Bašťanská šestka', 'Baška', DATE '2026-10-10', TIME '10:30', 'https://ceskybeh.cz/zavody/bastanska-sestka-2026/', 1, 1, 1),
    (757, 'Svatováclavský běh - Tyreto RUN', 'Děčín', DATE '2026-10-10', TIME '10:00', 'https://ceskybeh.cz/zavody/svatovaclavsky-beh-tyreto-run-2026/', 2, 1, 1),
    (758, 'Borský kros', 'Machov', DATE '2026-10-11', TIME '11:00', 'https://ceskybeh.cz/zavody/borsky-kros-2026/', 2, 2, 1),
    (759, 'Podzimní přespolní běh - Memoriál Jiřího Bláhy', 'Nové Město na Moravě', DATE '2026-10-11', TIME '10:00', 'https://ceskybeh.cz/zavody/podzimni-prespolni-beh-memorial-jiriho-blahy-2026/', 1, 2, 1),
    (760, 'Lesní běh Říčany XCR', 'Říčany', DATE '2026-10-11', TIME '09:30', 'https://ceskybeh.cz/zavody/lesni-beh-ricany-xcr-2026/', 2, 2, 1),
    (761, 'Běh na Strandu', 'Brno-Slatina', DATE '2026-10-11', TIME '10:30', 'https://ceskybeh.cz/zavody/beh-na-strandu-2026/', 1, 2, 1),
    (762, 'Běh z Pístova', 'Chodová Planá', DATE '2026-10-11', TIME '08:30', 'https://ceskybeh.cz/zavody/beh-z-pistova-2026/', 2, 2, 1),
    (763, 'Drozdův lesní běh', 'Kolín', DATE '2026-10-11', TIME '08:30', 'https://ceskybeh.cz/zavody/drozduv-lesni-beh-2026/', 1, 1, 1),
    (764, 'Hrabenovský kros', 'Hrabenov', DATE '2026-10-11', TIME '10:00', 'https://ceskybeh.cz/zavody/hrabenovsky-kros-2026/', 2, 2, 1),
    (765, 'Slavkovský lesík', 'Slavkov u Opavy', DATE '2026-10-11', TIME '11:00', 'https://ceskybeh.cz/zavody/slavkovsky-lesik-2026/', 2, 2, 1),
    (766, 'Rozběháme (i) Klenčí', 'Klenčí pod Čerchovem', DATE '2026-10-11', TIME '10:30', 'https://ceskybeh.cz/zavody/rozbehame-i-klenci-2026/', 1, 1, 1),
    (767, 'CaniKačinaCross', 'Kačina', DATE '2026-10-11', TIME '09:00', 'https://ceskybeh.cz/zavody/canikacinacross-2026/', 1, 1, 1),
    (768, 'Z Dobřichovic na Šraňk', 'Dobřichovice', DATE '2026-10-11', TIME '09:30', 'https://ceskybeh.cz/zavody/z-dobrichovic-na-srank-2026/', 1, 2, 1),
    (769, 'Zátopkova pětka', 'Kopřivnice', DATE '2026-10-14', TIME '08:00', 'https://ceskybeh.cz/zavody/zatopkova-petka-2026/', 1, 3, 1),
    (770, 'Běh na Kraví horu', 'Teplice nad Metují', DATE '2026-10-14', TIME '09:00', 'https://ceskybeh.cz/zavody/beh-na-kravi-horu-2026/', 1, 2, 1),
    (771, 'Běh Heulosem - memoriál Jiřího Šmrhy', 'Jihlava', DATE '2026-10-16', TIME '08:30', 'https://ceskybeh.cz/zavody/beh-heulosem-memorial-jiriho-smrhy-2026/', 2, 2, 1),
    (772, 'Gladiator Race Praha', 'Praha 9', DATE '2026-10-16', TIME '11:00', 'https://ceskybeh.cz/zavody/gladiator-race-praha-2026/', 1, 2, 1),
    (773, 'Běh kolem Ameriky', 'Písek', DATE '2026-10-17', TIME '10:00', 'https://ceskybeh.cz/zavody/beh-kolem-ameriky-2026/', 2, 2, 1),
    (774, 'ČEZ RunTour Pardubice', 'Pardubice', DATE '2026-10-17', TIME '09:00', 'https://ceskybeh.cz/zavody/cez-runtour-pardubice-2026/', 3, 1, 1),
    (775, 'Běh podél Halštrova', 'Aš', DATE '2026-10-17', TIME '08:30', 'https://ceskybeh.cz/zavody/beh-podel-halstrova-2026/', 2, 1, 1),
    (776, 'Od radnice k radnici', 'Náchod', DATE '2026-10-17', TIME '10:00', 'https://ceskybeh.cz/zavody/od-radnice-k-radnici-2026/', 1, 1, 1),
    (777, 'Silniční běh Hronov-Náchod', 'Hronov', DATE '2026-10-17', TIME '08:30', 'https://ceskybeh.cz/zavody/silnicni-beh-hronov-nachod-2026/', 2, 1, 1),
    (778, '5 a 10 km VAŠÍ LIGY 2026 (11) - říjnový', 'Praha 4-Braník', DATE '2026-10-17', TIME '09:00', 'https://ceskybeh.cz/zavody/5-a-10-km-vasi-ligy-2026-11-rijnovy-2026/', 2, 1, 1),
    (779, 'Hranický horský běh - memoriál Petra Kroči', 'Hranice', DATE '2026-10-17', TIME '11:00', 'https://ceskybeh.cz/zavody/hranicky-horsky-beh-memorial-petra-kroci-2026/', 2, 1, 1),
    (780, 'Malá křivoklátská', 'Křivoklát', DATE '2026-10-17', TIME '10:00', 'https://ceskybeh.cz/zavody/mala-krivoklatska-2026/', 1, 1, 1),
    (781, 'Trail Running Cup - Půlmaraton Český les', 'Český les', DATE '2026-10-17', TIME '11:00', 'https://ceskybeh.cz/zavody/trail-running-cup-2026-pulmaraton-cesky-les-2026/', 3, 2, 1),
    (782, 'Krumlovský běh', 'Moravský Krumlov', DATE '2026-10-17', TIME '08:30', 'https://ceskybeh.cz/zavody/krumlovsky-beh-2026/', 2, 1, 1),
    (783, 'Běh okolo Lemberka', 'Jablonné v Podještědí', DATE '2026-10-17', TIME '11:00', 'https://ceskybeh.cz/zavody/beh-okolo-lemberka-2026/', 2, 2, 1),
    (784, 'DOPORUČUJEMENN Night Run České Budějovice', 'České Budějovice', DATE '2026-10-17', TIME '09:00', 'https://ceskybeh.cz/zavody/nn-night-run-ceske-budejovice-2026/', 2, 1, 1),
    (785, 'Malá Kunratická', 'Praha 4-Kunratice', DATE '2026-10-17', TIME '09:30', 'https://ceskybeh.cz/zavody/mala-kunraticka-2026/', 1, 2, 1),
    (786, 'Heimstaden Havířovská desítka', 'Havířov', DATE '2026-10-17', TIME '08:30', 'https://ceskybeh.cz/zavody/heimstaden-havirovska-desitka-2026/', 2, 1, 1),
    (787, 'Klánovický 1/2maraton', 'Praha-Klánovice', DATE '2026-10-18', TIME '09:30', 'https://ceskybeh.cz/zavody/klanovicky-1-2maraton-2025/', 3, 1, 1),
    (788, 'Podzimní Kiosk', 'Šternberk', DATE '2026-10-18', TIME '08:00', 'https://ceskybeh.cz/zavody/podzimni-kiosk-2026/', 2, 2, 1),
    (789, 'Běh Zlínem "Přes valašské kotáry"', 'Zlín', DATE '2026-10-18', TIME '08:00', 'https://ceskybeh.cz/zavody/beh-zlinem-pres-valasske-kotary-2026/', 1, 1, 1),
    (790, '46. Velká cena Monaka', 'Slatiňany', DATE '2026-10-18', TIME '10:30', 'https://ceskybeh.cz/zavody/46-velka-cena-monaka-2026/', 2, 2, 1),
    (791, 'PREFA Brněnská 25', 'Brno', DATE '2026-10-18', TIME '10:00', 'https://ceskybeh.cz/zavody/prefa-brnenska-25-2026/', 4, 1, 1),
    (792, 'Horokros', 'Šumperk', DATE '2026-10-18', TIME '08:30', 'https://ceskybeh.cz/zavody/horokros-2026/', 3, 2, 1),
    (793, 'Běh na Žaltman', 'Malé Svatoňovice', DATE '2026-10-18', TIME '11:00', 'https://ceskybeh.cz/zavody/beh-na-zaltman-2026/', 1, 2, 1),
    (794, 'Kros Jesenický surovec', 'Jesenice (okr. Rakovník)', DATE '2026-10-18', TIME '09:00', 'https://ceskybeh.cz/zavody/kros-jesenicky-surovec-2026/', 5, 2, 1),
    (795, 'Kros Českým rájem', 'Skokovy', DATE '2026-10-18', TIME '08:30', 'https://ceskybeh.cz/zavody/inov-8-kros-ceskym-rajem-2026/', 3, 2, 1),
    (796, 'Běh okolo Rané', 'Raná', DATE '2026-10-18', TIME '10:30', 'https://ceskybeh.cz/zavody/beh-okolo-rane-2026/', 1, 1, 1),
    (797, 'Loučení s oválem', 'Frýdek-Místek', DATE '2026-10-21', TIME '10:30', 'https://ceskybeh.cz/zavody/louceni-s-ovalem-2026/', 1, 3, 1),
    (798, 'DOPORUČUJEMEMizuno Neon Run Olomouc', 'Olomouc', DATE '2026-10-23', TIME '11:00', 'https://ceskybeh.cz/zavody/mizuno-neon-run-olomouc-2026/', 1, 1, 1),
    (799, 'Tálínská desítka', 'Tálín', DATE '2026-10-24', TIME '09:00', 'https://ceskybeh.cz/zavody/talinska-desitka-2026/', 2, 1, 1),
    (800, 'Třebíčský maraton', 'Třebíč', DATE '2026-10-24', TIME '08:30', 'https://ceskybeh.cz/zavody/trebicsky-maraton-2026/', 4, 1, 1),
    (801, 'Slapy Trail Maniacs', 'Cholín', DATE '2026-10-24', TIME '08:30', 'https://ceskybeh.cz/zavody/slapy-trail-maniacs-2026/', 5, 2, 1),
    (802, 'Olomoucký kros', 'Olomouc', DATE '2026-10-24', TIME '10:30', 'https://ceskybeh.cz/zavody/olomoucky-kros-2026/', 2, 2, 1),
    (803, 'Skalička run', 'Skalička', DATE '2026-10-24', TIME '09:00', 'https://ceskybeh.cz/zavody/skalicka-run-2026/', 3, 2, 1),
    (804, 'Leskros Hradečák', 'Hradec Králové - Malšova Lhota', DATE '2026-10-24', TIME '08:30', 'https://ceskybeh.cz/zavody/leskros-hradecak-2026/', 3, 2, 1),
    (805, 'KEEN Prague Park Race – Prokopské údolí', 'Praha 5-Hlubočepy', DATE '2026-10-24', TIME '09:00', 'https://ceskybeh.cz/zavody/salomon-prague-park-race-prokopske-udoli-2026/', 3, 2, 1),
    (806, 'Běhej Valachy', 'Velké Karlovice', DATE '2026-10-24', TIME '10:00', 'https://ceskybeh.cz/zavody/behej-valachy-2026/', 2, 2, 1),
    (807, 'Zlatý maraton Emila Zátopka Ostrava', 'Ostrava', DATE '2026-10-24', TIME '09:00', 'https://ceskybeh.cz/zavody/zlaty-maraton-emila-zatopka-ostrava-2026/', 3, 1, 1),
    (808, 'DOPORUČUJEMENN Night Run Olomouc', 'Olomouc', DATE '2026-10-24', TIME '10:00', 'https://ceskybeh.cz/zavody/nn-night-run-olomouc-2026/', 2, 1, 1),
    (809, 'Moravská Sázava', 'Zábřeh na Moravě', DATE '2026-10-24', TIME '09:00', 'https://ceskybeh.cz/zavody/moravska-sazava-2026/', 5, 1, 1),
    (810, 'Kobeřický půlmaraton', 'Kobeřice', DATE '2026-10-25', TIME '08:00', 'https://ceskybeh.cz/zavody/kobericky-pulmaraton-2026/', 3, 1, 1),
    (811, 'Běh metropole MČ Praha 6', 'Praha 6', DATE '2026-10-25', TIME '10:30', 'https://ceskybeh.cz/zavody/beh-metropole-mc-praha-6-1-2026/', 1, 1, 1),
    (812, 'Jilemnický kros', 'Jilemnice', DATE '2026-10-25', TIME '10:30', 'https://ceskybeh.cz/zavody/jilemnicky-kros-2026/', 2, 2, 1),
    (813, 'Smaltovaný bažant', 'Heřmanův Městec', DATE '2026-10-27', TIME '11:00', 'https://ceskybeh.cz/zavody/smaltovany-bazant-2026/', 1, 1, 1),
    (814, 'Podzimní půlmaraton VAŠÍ LIGY 2026', 'Praha 4-Braník', DATE '2026-10-28', TIME '08:30', 'https://ceskybeh.cz/zavody/podzimni-pulmaraton-vasi-ligy-2026-2026/', 3, 1, 1),
    (815, 'Náměšťský tvarůžek', 'Náměšť na Hané', DATE '2026-10-28', TIME '09:30', 'https://ceskybeh.cz/zavody/namestsky-tvaruzek-2026/', 2, 2, 1),
    (816, 'Sokolský běh republiky - Nepomuk', 'Nepomuk', DATE '2026-10-28', TIME '10:00', 'https://ceskybeh.cz/zavody/sokolsky-beh-republiky-nepomuk-2026/', 1, 1, 1),
    (817, 'Provodovský běh', 'Provodov', DATE '2026-10-28', TIME '08:00', 'https://ceskybeh.cz/zavody/provodovsky-beh-2026/', 3, 2, 1),
    (818, 'Sokolský běh republiky - Praha', 'Praha 1', DATE '2026-10-28', TIME '11:00', 'https://ceskybeh.cz/zavody/sokolsky-beh-republiky-praha-2026/', 1, 1, 1),
    (819, 'Sokolský běh republiky - Březník', 'Březník', DATE '2026-10-28', TIME '08:00', 'https://ceskybeh.cz/zavody/sokolsky-beh-republiky-breznik-2026/', 2, 1, 1),
    (820, 'Sokolský běh republiky - Děčín', 'Děčín', DATE '2026-10-28', TIME '10:30', 'https://ceskybeh.cz/zavody/sokolsky-beh-republiky-decin-2026/', 1, 1, 1),
    (821, 'Sokolský běh republiky - Dolní Újezd', 'Dolní Újezd', DATE '2026-10-28', TIME '08:30', 'https://ceskybeh.cz/zavody/sokolsky-beh-republiky-dolni-ujezd-2026/', 2, 1, 1),
    (822, 'Sokolský běh republiky - Komárov', 'Komárov', DATE '2026-10-28', TIME '11:00', 'https://ceskybeh.cz/zavody/sokolsky-beh-republiky-komarov-2026/', 1, 1, 1),
    (823, 'Sokolský běh republiky - Kutná Hora', 'Kutná Hora', DATE '2026-10-28', TIME '09:00', 'https://ceskybeh.cz/zavody/sokolsky-beh-republiky-kutna-hora-2026/', 1, 1, 1),
    (824, 'Sokolský běh republiky - Louňovice pod Blaníkem', 'Louňovice pod Blaníkem', DATE '2026-10-28', TIME '08:00', 'https://ceskybeh.cz/zavody/sokolsky-beh-republiky-lounovice-pod-blanikem-2026/', 1, 1, 1),
    (825, 'Sokolský běh republiky - Lužice', 'Lužice', DATE '2026-10-28', TIME '09:00', 'https://ceskybeh.cz/zavody/sokolsky-beh-republiky-luzice-2026/', 2, 1, 1),
    (826, 'Sokolský běh republiky - Milovice', 'Milovice', DATE '2026-10-28', TIME '09:00', 'https://ceskybeh.cz/zavody/sokolsky-beh-republiky-milovice-2026/', 1, 1, 1),
    (827, 'Sokolský běh republiky - Mníšek pod Brdy', 'Mníšek pod Brdy', DATE '2026-10-28', TIME '11:00', 'https://ceskybeh.cz/zavody/sokolsky-beh-republiky-mnisek-pod-brdy-2026/', 1, 1, 1),
    (828, 'Sokolský běh republiky - Nový Bydžov', 'Nový Bydžov', DATE '2026-10-28', TIME '09:30', 'https://ceskybeh.cz/zavody/sokolsky-beh-republiky-novy-bydzov-2026/', 1, 1, 1),
    (829, 'Sokolský běh republiky - Oleška', 'Oleška', DATE '2026-10-28', TIME '09:00', 'https://ceskybeh.cz/zavody/sokolsky-beh-republiky-oleska-2026/', 2, 2, 1),
    (830, 'Sokolský běh republiky - Písek', 'Písek', DATE '2026-10-28', TIME '08:00', 'https://ceskybeh.cz/zavody/sokolsky-beh-republiky-pisek-2026/', 1, 1, 1),
    (831, 'Sokolský běh republiky - Prostějov', 'Prostějov', DATE '2026-10-28', TIME '09:30', 'https://ceskybeh.cz/zavody/sokolsky-beh-republiky-prostejov-2026/', 2, 1, 1),
    (832, 'Sokolský běh republiky - Sruby', 'Sruby', DATE '2026-10-28', TIME '10:30', 'https://ceskybeh.cz/zavody/sokolsky-beh-republiky-sruby-2026/', 2, 1, 1),
    (833, 'Sokolský běh republiky - Uherský Brod', 'Uherský Brod', DATE '2026-10-28', TIME '10:00', 'https://ceskybeh.cz/zavody/sokolsky-beh-republiky-uhersky-brod-2026/', 1, 1, 1),
    (834, 'Sokolský běh republiky - Ústí nad Labem', 'Ústí nad Labem', DATE '2026-10-28', TIME '09:00', 'https://ceskybeh.cz/zavody/sokolsky-beh-republiky-usti-nad-labem-2026/', 1, 1, 1),
    (835, 'Týnišťská desítka', 'Týniště nad Orlicí', DATE '2026-10-28', TIME '09:30', 'https://ceskybeh.cz/zavody/tynistska-desitka-2026/', 2, 1, 1),
    (836, 'Králodvorský čtverec', 'Králův Dvůr', DATE '2026-10-28', TIME '09:00', 'https://ceskybeh.cz/zavody/kralodvorsky-ctverec-2026/', 2, 1, 1),
    (837, 'Vinařský maraton', 'Velké Bílovice', DATE '2026-10-31', TIME '09:00', 'https://ceskybeh.cz/zavody/vinarsky-maraton-2026/', 4, 1, 1),
    (838, 'Podzimní běh Dražovkou', 'Hořovice', DATE '2026-10-31', TIME '10:00', 'https://ceskybeh.cz/zavody/podzimni-beh-drazovkou-2026/', 2, 1, 1),
    (839, 'Běh Labským údolím', 'Dolní Žleb', DATE '2026-10-31', TIME '10:30', 'https://ceskybeh.cz/zavody/beh-labskym-udolim-2026/', 3, 1, 1),
    (840, 'Běh na památku P. Adolfa Tesaře', 'Ivančice', DATE '2026-10-31', TIME '08:00', 'https://ceskybeh.cz/zavody/beh-na-pamatku-p-adolfa-tesare-2026/', 2, 2, 1),
    (841, 'Lhotecká Kaštanka', 'Lhota', DATE '2026-10-31', TIME '08:00', 'https://ceskybeh.cz/zavody/lhotecka-kastanka-2026/', 3, 1, 1),
    (842, 'Krospůlmaraton', 'Sosnová u České Lípy', DATE '2026-10-31', TIME '11:00', 'https://ceskybeh.cz/zavody/krospulmaraton-2026/', 3, 2, 1),
    (843, 'Gladiator Race Halloween (Josefov)', 'Jaroměř', DATE '2026-10-31', TIME '10:30', 'https://ceskybeh.cz/zavody/gladiator-race-halloween-josefov-2026/', 1, 2, 1),
    (844, 'Halloween NightRUN 2026', 'Halenkovice', DATE '2026-10-31', TIME '10:30', 'https://ceskybeh.cz/zavody/halloween-nightrun-2026-2026/', 1, 1, 1),
    (845, '2 míle s úsměvem Olomouc - listopad', 'Olomouc', DATE '2026-11-01', TIME '08:00', 'https://ceskybeh.cz/zavody/2-mile-s-usmevem-olomouc-listopad-2026/', 1, 1, 1),
    (846, 'Běh na Koráb', 'Kdyně', DATE '2026-11-01', TIME '09:30', 'https://ceskybeh.cz/zavody/beh-na-korab-2026/', 2, 2, 1),
    (847, 'Trail Running Cup - Motolské jamky', 'Praha 5-Motol', DATE '2026-11-01', TIME '09:00', 'https://ceskybeh.cz/zavody/trail-running-cup-2026-motolske-jamky-2026/', 2, 2, 1),
    (848, 'HRUŠTICE 10 km - Memoriál Zdeňka Drobníka', 'Turnov', DATE '2026-11-01', TIME '10:30', 'https://ceskybeh.cz/zavody/hrustice-10-km-memorial-zdenka-drobnika-2026/', 2, 1, 1),
    (849, 'Běžecká série Berounka - Beroun', 'Beroun', DATE '2026-11-02', TIME '10:00', 'https://ceskybeh.cz/zavody/bezecka-serie-berounka-beroun-2026/', 2, 2, 1),
    (850, 'Excalibur Race MOON Helfštýn', 'Helfštýn', DATE '2026-11-06', TIME '10:00', 'https://ceskybeh.cz/zavody/excalibur-race-moon-helfstyn-2026/', 2, 2, 1),
    (851, 'Běh kolem Práchně', 'Horažďovice', DATE '2026-11-07', TIME '09:30', 'https://ceskybeh.cz/zavody/beh-kolem-prachne-2026/', 2, 1, 1),
    (852, 'Excalibur Race HELL Helfštýn', 'Helfštýn', DATE '2026-11-07', TIME '10:30', 'https://ceskybeh.cz/zavody/excalibur-race-hell-helfstyn-2026/', 2, 2, 1),
    (853, 'Král Točné - Žaludská osma', 'Praha', DATE '2026-11-07', TIME '11:00', 'https://ceskybeh.cz/zavody/kral-tocne-zaludska-osma-2026/', 2, 2, 1),
    (854, '2 míle s úsměvem Zlín - listopad', 'Zlín', DATE '2026-11-07', TIME '08:00', 'https://ceskybeh.cz/zavody/2-mile-s-usmevem-zlin-listopad-2026/', 1, 1, 1),
    (855, '2 míle s úsměvem Praha - listopad', 'Praha 7', DATE '2026-11-07', TIME '09:30', 'https://ceskybeh.cz/zavody/2-mile-s-usmevem-praha-listopad-2026/', 1, 1, 1),
    (856, 'Trail Lázně Velichovky', 'Lázně Velichovky', DATE '2026-11-07', TIME '10:30', 'https://ceskybeh.cz/zavody/trail-lazne-velichovky-2026/', 2, 2, 1),
    (857, 'Canicross Lázně Velichovky', 'Lázně Velichovky', DATE '2026-11-07', TIME '09:30', 'https://ceskybeh.cz/zavody/canicross-lazne-velichovky-2026/', 1, 2, 1),
    (858, 'Memoriál MUDr. Josefa Podmolíka - Běžecký festival Otrokovice 2026', 'Otrokovice-Baťov', DATE '2026-11-07', TIME '10:00', 'https://ceskybeh.cz/zavody/memorial-mudr-josefa-podmolika-bezecky-festival-otrokovice-2026-2026/', 4, 1, 1),
    (859, 'Run For Movember', 'Praha 10', DATE '2026-11-07', TIME '11:00', 'https://ceskybeh.cz/zavody/run-for-movember-2026/', 3, 1, 1),
    (860, 'Svatojánská 20', 'Beroun', DATE '2026-11-07', TIME '09:30', 'https://ceskybeh.cz/zavody/svatojanska-20-2026/', 3, 1, 1),
    (861, 'Kovářská pětka', 'Zlín', DATE '2026-11-07', TIME '09:30', 'https://ceskybeh.cz/zavody/kovarska-petka-2026/', 1, 1, 1),
    (862, 'Labský půlmaraton', 'Lysá nad Labem', DATE '2026-11-07', TIME '10:30', 'https://ceskybeh.cz/zavody/labsky-pulmaraton-2026/', 3, 2, 1),
    (863, 'Závod dvojic', 'Kladno', DATE '2026-11-07', TIME '11:00', 'https://ceskybeh.cz/zavody/zavod-dvojic-2026/', 2, 1, 1),
    (864, 'Excalibur Race SKY Helfštýn', 'Helfštýn', DATE '2026-11-07', TIME '08:30', 'https://ceskybeh.cz/zavody/excalibur-race-sky-helfstyn-2026/', 1, 2, 1),
    (865, 'Hornická desítka', 'Frýdek-Místek', DATE '2026-11-07', TIME '08:00', 'https://ceskybeh.cz/zavody/hornicka-desitka-2026/', 2, 1, 1),
    (866, 'Malá Pardubická cross country', 'Pardubice', DATE '2026-11-07', TIME '08:00', 'https://ceskybeh.cz/zavody/mala-pardubicka-cross-country-2026/', 1, 2, 1),
    (867, 'Žandovská desítka', 'Žandov', DATE '2026-11-08', TIME '08:30', 'https://ceskybeh.cz/zavody/zandovska-desitka-2026/', 2, 1, 1),
    (868, 'PoHodová devítka', 'Velká Bíteš', DATE '2026-11-08', TIME '09:00', 'https://ceskybeh.cz/zavody/pohodova-devitka-2026/', 2, 2, 1),
    (869, 'Dobřichovický běh', 'Dobřichovice', DATE '2026-11-08', TIME '08:00', 'https://ceskybeh.cz/zavody/dobrichovicky-beh-2026/', 1, 1, 1),
    (870, 'Starobělské Lurdy', 'Ostrava-Zábřeh', DATE '2026-11-08', TIME '09:00', 'https://ceskybeh.cz/zavody/starobelske-lurdy-2026/', 3, 2, 1),
    (871, 'Excalibur Race KIDS I. Helfštýn', 'Helfštýn', DATE '2026-11-08', TIME '08:30', 'https://ceskybeh.cz/zavody/excalibur-race-kids-i-helfstyn-2026/', 1, 2, 1),
    (872, 'Excalibur Race KIDS II. Helfštýn', 'Helfštýn', DATE '2026-11-08', TIME '10:00', 'https://ceskybeh.cz/zavody/excalibur-race-kids-ii-helfstyn-2026/', 1, 2, 1),
    (873, 'Excalibur Race DOG OCRC Helfštýn', 'Helfštýn', DATE '2026-11-08', TIME '10:30', 'https://ceskybeh.cz/zavody/excalibur-race-dog-ocrc-helfstyn-2026/', 1, 2, 1),
    (874, 'Běh kolem Doubravky', 'Teplice', DATE '2026-11-08', TIME '09:00', 'https://ceskybeh.cz/zavody/beh-kolem-doubravky-2026/', 2, 1, 1),
    (875, 'Velká kunratická', 'Praha 4-Kunratice', DATE '2026-11-08', TIME '08:30', 'https://ceskybeh.cz/zavody/velka-kunraticka-2026/', 1, 2, 1),
    (876, 'Běh na Dobrošov', 'Náchod-Běloves', DATE '2026-11-11', TIME '09:00', 'https://ceskybeh.cz/zavody/beh-na-dobrosov-2026/', 1, 2, 1),
    (877, 'BoBoBěh', 'Bedřichov', DATE '2026-11-14', TIME '09:00', 'https://ceskybeh.cz/zavody/bobobeh-2026/', 4, 2, 1),
    (878, 'Běh přes Černovírský les', 'Hlušovice', DATE '2026-11-14', TIME '09:00', 'https://ceskybeh.cz/zavody/beh-pres-cernovirsky-les-2026/', 2, 1, 1),
    (879, 'Běh Dlouhými záhony', 'Úpice', DATE '2026-11-14', TIME '09:30', 'https://ceskybeh.cz/zavody/beh-dlouhymi-zahony-2026/', 2, 1, 1),
    (880, 'Hannah Pilsen Trail Krkavec', 'Plzeň-Bílá Hora', DATE '2026-11-14', TIME '10:00', 'https://ceskybeh.cz/zavody/hannah-pilsen-trail-krkavec-2026/', 4, 2, 1),
    (881, 'Svatomartinský běh', 'Petřkovice u Starého Jičína', DATE '2026-11-14', TIME '10:30', 'https://ceskybeh.cz/zavody/svatomartinsky-beh-2026/', 3, 1, 1),
    (882, 'Ludgeřovický kros', 'Ludgeřovice', DATE '2026-11-14', TIME '08:00', 'https://ceskybeh.cz/zavody/ludgerovicky-kros-2026/', 2, 2, 1),
    (883, 'Půlmaraton pátera Václava Kosmáka', 'Moravské Budějovice', DATE '2026-11-14', TIME '09:30', 'https://ceskybeh.cz/zavody/pulmaraton-patera-vaclava-kosmaka-2026/', 3, 1, 1),
    (884, 'Krosová 12°', 'Velešín', DATE '2026-11-17', TIME '08:00', 'https://ceskybeh.cz/zavody/krosova-12-2026/', 2, 2, 1),
    (885, 'Běh 17. listopadu Ostrava-Hrabová', 'Ostrava-Hrabová', DATE '2026-11-17', TIME '11:00', 'https://ceskybeh.cz/zavody/beh-17-listopadu-2026/', 2, 1, 1),
    (886, 'Sametový běh', 'Odolena Voda', DATE '2026-11-17', TIME '08:00', 'https://ceskybeh.cz/zavody/sametovy-beh-2026/', 2, 1, 1),
    (887, 'Sametový běh 17.11.', 'Česká Lípa', DATE '2026-11-17', TIME '10:00', 'https://ceskybeh.cz/zavody/sametovy-beh-17-11-2026/', 1, 1, 1),
    (888, 'Běh 17. listopadu Přerov', 'Přerov', DATE '2026-11-17', TIME '08:30', 'https://ceskybeh.cz/zavody/beh-17-listopadu-prerov-2026/', 2, 2, 1),
    (889, 'Běh kolem koupaliště', 'Kopřivnice', DATE '2026-11-17', TIME '08:00', 'https://ceskybeh.cz/zavody/beh-kolem-koupaliste-2026/', 1, 1, 1),
    (890, 'Běh 17. listopadu Kadaň', 'Kadaň', DATE '2026-11-17', TIME '10:00', 'https://ceskybeh.cz/zavody/beh-17-listopadu-kadan-2026/', 1, 1, 1),
    (891, 'Běh městem Hradec Králové', 'Hradec Králové', DATE '2026-11-17', TIME '09:00', 'https://ceskybeh.cz/zavody/beh-mestem-hradec-kralove-2026/', 2, 1, 1),
    (892, 'Běh 17. listopadu Polička', 'Polička', DATE '2026-11-17', TIME '09:00', 'https://ceskybeh.cz/zavody/beh-17-listopadu-policka-2026/', 1, 2, 1),
    (893, 'Kružská Kundratická - Memoriál Honzy Šíra', 'Kruh', DATE '2026-11-21', TIME '10:30', 'https://ceskybeh.cz/zavody/kruzska-kundraticka-memorial-honzy-sira-2026/', 2, 1, 1),
    (894, 'Trail do Háje VAŠÍ LIGY 2026', 'Praha-Hlubočepy', DATE '2026-11-21', TIME '10:30', 'https://ceskybeh.cz/zavody/trail-do-haje-vasi-ligy-2026-2026/', 3, 2, 1),
    (895, 'Přáslavická desítka', 'Přáslavice', DATE '2026-11-21', TIME '09:00', 'https://ceskybeh.cz/zavody/praslavicka-desitka-2026/', 2, 1, 1),
    (896, 'Běh na Čáp', 'Teplice nad Metují', DATE '2026-11-21', TIME '11:00', 'https://ceskybeh.cz/zavody/beh-na-cap-2026/', 1, 2, 1),
    (897, 'Forestovo Nočník', 'Záluží u Plzně', DATE '2026-11-21', TIME '08:00', 'https://ceskybeh.cz/zavody/forestovo-nocnik-2026/', 1, 2, 1),
    (898, 'Slánské běhy', 'Slaný', DATE '2026-11-21', TIME '09:00', 'https://ceskybeh.cz/zavody/slanske-behy-2026/', 2, 1, 1),
    (899, 'Čertovskej wintertrail', 'Hamr na Jezeře', DATE '2026-11-21', TIME '09:00', 'https://ceskybeh.cz/zavody/certovskej-wintertrail-2026/', 4, 2, 1),
    (900, '405. Malá cena Monaka', 'Slatiňany', DATE '2026-11-22', TIME '09:00', 'https://ceskybeh.cz/zavody/405-mala-cena-monaka-2026/', 2, 2, 1),
    (901, '5 a 10 km VAŠÍ LIGY 2026 (12) - listopadový', 'Praha 4-Braník', DATE '2026-11-28', TIME '11:00', 'https://ceskybeh.cz/zavody/5-a-10-km-vasi-ligy-2026-12-listopadovy-2026/', 2, 1, 1),
    (902, 'Mikulášský běh Zlín', 'Zlín-Louky', DATE '2026-11-28', TIME '08:30', 'https://ceskybeh.cz/zavody/mikulassky-beh-zlin-2026/', 2, 1, 1),
    (903, 'Výběh na Lovoš', 'Lovosice', DATE '2026-11-28', TIME '09:00', 'https://ceskybeh.cz/zavody/vybeh-na-lovos-2026/', 1, 2, 1),
    (904, 'Stupenská sedmička', 'Stupno', DATE '2026-11-28', TIME '08:00', 'https://ceskybeh.cz/zavody/stupenska-sedmicka-2026/', 2, 2, 1),
    (905, 'Podzimní běh lyžařů - memoriál Ály Syrovatského', 'Senohraby', DATE '2026-11-29', TIME '08:00', 'https://ceskybeh.cz/zavody/podzimni-beh-lyzaru-memorial-aly-syrovatskeho-2026/', 2, 2, 1),
    (906, 'Mikulášský běh Čimelice', 'Čimelice', DATE '2026-12-05', TIME '10:00', 'https://ceskybeh.cz/zavody/mikulassky-beh-2026/', 2, 2, 1),
    (907, '2 míle s úsměvem Zlín - prosinec', 'Zlín', DATE '2026-12-05', TIME '09:30', 'https://ceskybeh.cz/zavody/2-mile-s-usmevem-zlin-prosinec-2026/', 1, 1, 1),
    (908, '2 míle s úsměvem Praha - prosinec', 'Praha 7', DATE '2026-12-05', TIME '11:00', 'https://ceskybeh.cz/zavody/2-mile-s-usmevem-praha-prosinec-2026/', 1, 1, 1),
    (909, 'Mikulášský běh Olomouc', 'Olomouc', DATE '2026-12-05', TIME '08:30', 'https://ceskybeh.cz/zavody/mikulassky-beh-1-2026/', 2, 1, 1),
    (910, 'Trail Running Cup - Maraton a 1/2maraton Praha-Dobříš', 'Praha 4-Braník', DATE '2026-12-05', TIME '08:00', 'https://ceskybeh.cz/zavody/trail-running-cup-2026-maraton-a-1-2maraton-praha-dobris-2026/', 4, 2, 1),
    (911, 'LEKI WINTER SkyRace®', 'Liberec', DATE '2026-12-05', TIME '08:00', 'https://ceskybeh.cz/zavody/leki-winter-skyrace-2026/', 3, 2, 1),
    (912, 'LEKI JEŠTĚD SkyRace®', 'Liberec', DATE '2026-12-05', TIME '08:30', 'https://ceskybeh.cz/zavody/leki-jested-skyrace-1-2026/', 3, 2, 1),
    (913, 'Čertovská 5', 'Unhošť', DATE '2026-12-05', TIME '09:00', 'https://ceskybeh.cz/zavody/certovska-5-2026/', 1, 1, 1),
    (914, 'Běh do vrchu Ráztoka-Pustevny', 'Ráztoka', DATE '2026-12-05', TIME '08:30', 'https://ceskybeh.cz/zavody/beh-do-vrchu-raztoka-pustevny-2026/', 1, 2, 1),
    (915, 'Gladiator Race Taxis', 'Pardubice', DATE '2026-12-05', TIME '08:00', 'https://ceskybeh.cz/zavody/gladiator-race-taxis-2026/', 1, 2, 1),
    (916, 'DOPORUČUJEMEChristmas Run Olomouc', 'Olomouc', DATE '2026-12-05', TIME '08:00', 'https://ceskybeh.cz/zavody/christmas-run-olomouc-2026/', 1, 1, 1),
    (917, '2 míle s úsměvem Olomouc - prosinec', 'Olomouc', DATE '2026-12-06', TIME '09:30', 'https://ceskybeh.cz/zavody/2-mile-s-usmevem-olomouc-prosinec-2026/', 1, 1, 1),
    (918, 'Malá cena Velké Verandy', 'Choceň', DATE '2026-12-06', TIME '08:30', 'https://ceskybeh.cz/zavody/mala-cena-velke-verandy-2026/', 1, 2, 1),
    (919, 'Zbraslavský běh', 'Praha 5-Zbraslav', DATE '2026-12-06', TIME '09:00', 'https://ceskybeh.cz/zavody/zbraslavsky-beh-2026/', 1, 2, 1),
    (920, 'Běžecká série Berounka - Nižbor', 'Nižbor', DATE '2026-12-07', TIME '08:00', 'https://ceskybeh.cz/zavody/bezecka-serie-berounka-nizbor-2026/', 2, 2, 1),
    (921, 'Winter Milada Run', 'Chabařovice', DATE '2026-12-12', TIME '08:30', 'https://ceskybeh.cz/zavody/winter-milada-run-2026/', 3, 2, 1),
    (922, 'Mikulášský běh Úpice', 'Úpice', DATE '2026-12-12', TIME '08:00', 'https://ceskybeh.cz/zavody/mikulassky-beh-upice-2026/', 1, 1, 1),
    (923, 'Zručský adventní běh', 'Zruč nad Sázavou', DATE '2026-12-12', TIME '11:00', 'https://ceskybeh.cz/zavody/zrucsky-adventni-beh-2026/', 1, 1, 1),
    (924, 'Mikulášský běh Petřkovice', 'Petřkovice u Starého Jičína', DATE '2026-12-12', TIME '10:00', 'https://ceskybeh.cz/zavody/mikulassky-beh-petrkovice-2026/', 2, 1, 1),
    (925, 'Předvánoční běh', 'Frýdek-Místek', DATE '2026-12-12', TIME '11:00', 'https://ceskybeh.cz/zavody/predvanocni-beh-2026/', 2, 1, 1),
    (926, 'DOPORUČUJEMEChristmas Run Praha', 'Praha 1', DATE '2026-12-12', TIME '09:30', 'https://ceskybeh.cz/zavody/christmas-run-praha-2026/', 1, 1, 1),
    (927, 'Vranovský noční Trail', 'Vranov u Brna', DATE '2026-12-12', TIME '08:00', 'https://ceskybeh.cz/zavody/vranovsky-nocni-trail-2026/', 2, 2, 1),
    (928, 'Adventní běh na cyklostezce', 'Ústí nad Labem - Střekov', DATE '2026-12-13', TIME '10:30', 'https://ceskybeh.cz/zavody/adventni-beh-na-cyklostezce-2026/', 2, 1, 1),
    (929, 'DOPORUČUJEMEChristmas Run Most', 'Most', DATE '2026-12-13', TIME '08:00', 'https://ceskybeh.cz/zavody/christmas-run-most-2026/', 1, 1, 1),
    (930, 'Vánoční běh Opava', 'Opava', DATE '2026-12-20', TIME '09:00', 'https://ceskybeh.cz/zavody/vanocni-beh-opava-2026/', 1, 1, 1),
    (931, '406. Malá cena Monaka - Vánoční', 'Slatiňany', DATE '2026-12-20', TIME '08:00', 'https://ceskybeh.cz/zavody/406-mala-cena-monaka-vanocni-2026/', 2, 2, 1),
    (932, 'Vánoční běh v Ďáblickém háji', 'Praha 8-Ďáblice', DATE '2026-12-24', TIME '08:00', 'https://ceskybeh.cz/zavody/vanocni-beh-v-dablickem-haji-2026/', 1, 2, 1),
    (933, 'Štěpánský běh Prachatice', 'Prachatice', DATE '2026-12-26', TIME '08:00', 'https://ceskybeh.cz/zavody/stepansky-beh-2026/', 2, 1, 1),
    (934, 'Štěpánský kros pro děti všech kategorií a Lidový běh', 'Svitavy', DATE '2026-12-26', TIME '10:00', 'https://ceskybeh.cz/zavody/stepansky-kros-pro-deti-vsech-kategorii-a-lidovy-beh-2026/', 1, 2, 1),
    (935, 'Štěpánský běh Zlín', 'Zlín-Příluky', DATE '2026-12-26', TIME '09:00', 'https://ceskybeh.cz/zavody/stepansky-beh-zlin-2026/', 2, 1, 1),
    (936, 'Vánoční běh Třtice', 'Třtice', DATE '2026-12-26', TIME '11:00', 'https://ceskybeh.cz/zavody/vanocni-beh-trtice-2026/', 1, 1, 1),
    (937, '(Před)Silvestrovský běh Lysá nad Labem', 'Lysá nad Labem', DATE '2026-12-27', TIME '09:00', 'https://ceskybeh.cz/zavody/pred-silvestrovsky-beh-lysa-nad-labem-2026/', 2, 1, 1),
    (938, 'Silvestrovský běh ulicemi města Soběslavi', 'Soběslav', DATE '2026-12-30', TIME '11:00', 'https://ceskybeh.cz/zavody/silvestrovsky-beh-ulicemi-mesta-sobeslavi-2026/', 2, 1, 1),
    (939, 'Silvestrovský běh Jistebnice', 'Jistebnice', DATE '2026-12-31', TIME '08:30', 'https://ceskybeh.cz/zavody/silvestrovsky-beh-jistebnice-2026/', 3, 1, 1),
    (940, 'Silvestrovský běh Hrabovou', 'Ostrava-Hrabová', DATE '2026-12-31', TIME '10:00', 'https://ceskybeh.cz/zavody/silvestrovsky-beh-hrabovou-2026/', 2, 1, 1),
    (941, 'Silvestrovský běh okolo 3 přehrad', 'Jablonec nad Nisou', DATE '2026-12-31', TIME '10:00', 'https://ceskybeh.cz/zavody/silvestrovsky-beh-okolo-3-prehrad-2026/', 1, 1, 1),
    (942, 'Silvestrovský běh Karviná', 'Karviná', DATE '2026-12-31', TIME '09:30', 'https://ceskybeh.cz/zavody/silvestrovsky-beh-2026/', 2, 1, 1),
    (943, 'Silvestrovský běh Havlovicemi', 'Havlovice', DATE '2026-12-31', TIME '08:30', 'https://ceskybeh.cz/zavody/silvestrovsky-beh-havlovicemi-2026/', 2, 1, 1),
    (944, 'Silvestrovský běh Zlín', 'Zlín', DATE '2026-12-31', TIME '10:30', 'https://ceskybeh.cz/zavody/silvestrovsky-beh-zlin-2026/', 2, 1, 1),
    (945, 'Silvestrovský běh Stříbro', 'Stříbro', DATE '2026-12-31', TIME '10:00', 'https://ceskybeh.cz/zavody/silvestrovsky-beh-stribro-2026/', 1, 1, 1),
    (946, 'Silvestrovský běh - memoriál Richarda Plcha', 'Brno-Nový Lískovec', DATE '2026-12-31', TIME '08:00', 'https://ceskybeh.cz/zavody/silvestrovsky-beh-memorial-richarda-plcha-2026/', 2, 1, 1),
    (947, 'Silvestrovský běh Kolín', 'Kolín', DATE '2026-12-31', TIME '09:30', 'https://ceskybeh.cz/zavody/silvestrovsky-beh-kolin-2026/', 1, 1, 1),
    (948, 'Půlnoční silvestrovsko - novoroční běh metropolí', 'Praha 13', DATE '2026-12-31', TIME '09:30', 'https://ceskybeh.cz/zavody/pulnocni-silvestrovsko-novorocni-beh-metropoli-2026/', 1, 1, 1),
    (949, 'Silvestrovský běh Přerov', 'Přerov', DATE '2026-12-31', TIME '08:00', 'https://ceskybeh.cz/zavody/silvestrovsky-beh-prerov-2026/', 2, 1, 1),
    (950, 'Běh od Hasy k Hase', 'Roudnice nad Labem', DATE '2026-12-31', TIME '09:00', 'https://ceskybeh.cz/zavody/beh-od-hasy-k-hase-2026/', 1, 1, 1);
SELECT setval('races_id_seq', 950);

-- ===== Additional users (passwords below; see README) =====
INSERT INTO users (id, username, email, password, first_name, last_name, city) VALUES
    ('acd86d21-21f4-5324-8744-7abd5f90b48d', 'petr.svoboda', 'petr.svoboda@example.cz', '$2b$10$YTr8Q/U9DFaYpjORTdGZIepDHpC8Q95NL5diVy62n/28i3lFhQE8y', 'Petr', 'Svoboda', 'Praha'),
    ('fb3a57ae-e9c5-5a8c-ab00-9203b8f4f6db', 'martina.dvorakova', 'martina.dvorakova@example.cz', '$2b$10$luvFdgZ1UFR//Y1/ObcdcuNZDjfWUr5xNbrS/MUSEW6z0Vtbb6kO6', 'Martina', 'Dvořáková', 'Brno'),
    ('d762cd68-548e-520c-9f17-9490a2cb7935', 'tomas.cerny', 'tomas.cerny@example.cz', '$2b$10$seKGfy3oSwtI7spsXndKduIvrwTOM9OhF0s6Dm5S0cdfvsbpKilES', 'Tomáš', 'Černý', 'Ostrava'),
    ('921249da-8691-58b1-88b7-d73e756e06ab', 'katerina.prochazkova', 'katerina.prochazkova@example.cz', '$2b$10$.U0H5SxUHlhYMa/e46/z/eG32H93Kf9h4ArsR3qXx2e1xcZe4Vo72', 'Kateřina', 'Procházková', 'Plzeň'),
    ('02671a03-2784-5eb2-af35-1250516ec0ea', 'jakub.kucera', 'jakub.kucera@example.cz', '$2b$10$7WlbubMmEgPN9Jo8KBw8UuGqSVNtCvymk0ygMQ0zZ6K7BoZVbomzS', 'Jakub', 'Kučera', 'Olomouc'),
    ('ba04da3c-5269-58e5-91bc-d6420cd663ca', 'lucie.vesela', 'lucie.vesela@example.cz', '$2b$10$F.GRV0dt1lY.AlS7wfkR7.DhkkDxSOIn6cWHZrdJrYY/bauuc9CQy', 'Lucie', 'Veselá', 'Liberec'),
    ('05969cba-6f75-5ed7-9041-03d87f903393', 'david.horak', 'david.horak@example.cz', '$2b$10$5kqHAK3lojbhBY3wkkwxaOwH0heOl.H6ooAJxhO3AZeELIviBQvqG', 'David', 'Horák', 'Hradec Králové'),
    ('042b099d-0291-5e1e-9b67-9ba995f3a3d5', 'eva.benesova', 'eva.benesova@example.cz', '$2b$10$rmmcYm5YEZCFjobsjNwIv.WyGDurKpdYGXVLsONIa8j3Hp3oe5iO.', 'Eva', 'Benešová', 'České Budějovice');

INSERT INTO user_roles (user_id, role) VALUES
    ('acd86d21-21f4-5324-8744-7abd5f90b48d', 'ROLE_USER'),
    ('fb3a57ae-e9c5-5a8c-ab00-9203b8f4f6db', 'ROLE_USER'),
    ('d762cd68-548e-520c-9f17-9490a2cb7935', 'ROLE_USER'),
    ('921249da-8691-58b1-88b7-d73e756e06ab', 'ROLE_USER'),
    ('02671a03-2784-5eb2-af35-1250516ec0ea', 'ROLE_USER'),
    ('ba04da3c-5269-58e5-91bc-d6420cd663ca', 'ROLE_USER'),
    ('05969cba-6f75-5ed7-9041-03d87f903393', 'ROLE_USER'),
    ('042b099d-0291-5e1e-9b67-9ba995f3a3d5', 'ROLE_USER');

-- ===== Rides (mix of OFFER / REQUEST across the new races) =====
INSERT INTO rides (id, race_id, user_id, type, departure_from, destination_to, car, available_seats, occupied_seats, notes, created_at) VALUES
    ('cf2a484a-8e6c-4243-b0e3-38645d96cbb4', 263, 'a0eebc99-9c0b-4ef8-bb6d-6bb9bd380a11', 'REQUEST', 'Hradec Králové', NULL, NULL, 1, 0, 'Cestou mohu vyzvednout i v Berouně.', NOW()),
    ('4e78cc83-aff3-4e0b-b98a-1dd583ce76d4', 128, '02671a03-2784-5eb2-af35-1250516ec0ea', 'OFFER', 'Praha', 'Brno', 'Ford Focus', 4, 2, 'Nekuřácké auto, hudba dle dohody.', NOW()),
    ('8653c21e-aff8-4104-b7ae-00e6583e7bc5', 106, 'ba04da3c-5269-58e5-91bc-d6420cd663ca', 'OFFER', 'Ústí nad Labem', 'Liberec', 'Škoda Fabia', 1, 1, 'Rád si po závodě dám oběd, kdo chce, je vítán.', NOW()),
    ('e1b55d9c-86ec-46f5-98bd-de7dc05b0428', 289, 'acd86d21-21f4-5324-8744-7abd5f90b48d', 'REQUEST', 'Plzeň', NULL, NULL, 1, 0, 'Rád si po závodě dám oběd, kdo chce, je vítán.', NOW()),
    ('4b5e1408-7712-4e8e-bb6b-4e3237dd04d8', 170, '921249da-8691-58b1-88b7-d73e756e06ab', 'REQUEST', 'Brno', NULL, NULL, 1, 0, 'Na místě budu hodinu před startem.', NOW()),
    ('e7e5383a-8ebf-426c-a1ba-8a581e6aa177', 162, 'ba04da3c-5269-58e5-91bc-d6420cd663ca', 'OFFER', 'Ostrava', 'Praha', 'Ford Focus', 3, 1, 'Jedeme tam i zpět ten samý den.', NOW()),
    ('566e74b3-c300-4988-8eab-60e6950aaf50', 157, 'a0eebc99-9c0b-4ef8-bb6d-6bb9bd380a11', 'OFFER', 'Plzeň', 'Ostrava', 'Škoda Octavia', 1, 0, 'Jedeme tam i zpět ten samý den.', NOW()),
    ('428f07d5-35a4-4dd4-883d-ba309f105829', 135, 'fb3a57ae-e9c5-5a8c-ab00-9203b8f4f6db', 'OFFER', 'Plzeň', 'Liberec', 'Dacia Duster', 2, 2, 'Jedeme tam i zpět ten samý den.', NOW()),
    ('245870b6-4e42-4cbf-b0db-decfed259f53', 288, '05969cba-6f75-5ed7-9041-03d87f903393', 'REQUEST', 'Ústí nad Labem', NULL, NULL, 1, 0, 'Na místě budu hodinu před startem.', NOW()),
    ('f4547536-5b71-4d7b-88fe-3a323e61ac63', 126, 'd762cd68-548e-520c-9f17-9490a2cb7935', 'OFFER', 'Pardubice', 'Brno', 'Škoda Fabia', 1, 0, NULL, NOW()),
    ('05ad65d4-8fd2-4183-8ddd-ae662fa0b481', 273, '05969cba-6f75-5ed7-9041-03d87f903393', 'OFFER', 'Ústí nad Labem', 'Plzeň', 'Dacia Duster', 4, 3, 'Mám tažné, pokud potřebujete kolo.', NOW()),
    ('5cc72230-2d4b-4fc2-9ab4-d823f0b65d9d', 239, '05969cba-6f75-5ed7-9041-03d87f903393', 'OFFER', 'Ostrava', 'Plzeň', 'Volkswagen Golf', 1, 1, NULL, NOW()),
    ('4201104f-9768-410a-a2bf-a863bf7aff0b', 122, 'a0eebc99-9c0b-4ef8-bb6d-6bb9bd380a11', 'REQUEST', 'Pardubice', NULL, NULL, 1, 0, 'Vyjíždím brzy ráno, beru kufr na boty.', NOW()),
    ('029b9ef2-c2aa-4ca0-8960-2fac048b9467', 251, '042b099d-0291-5e1e-9b67-9ba995f3a3d5', 'OFFER', 'Praha', 'Praha', 'Hyundai i30', 3, 2, 'Mám tažné, pokud potřebujete kolo.', NOW()),
    ('eb38687c-89f9-41ce-88c0-663108e6749a', 208, '042b099d-0291-5e1e-9b67-9ba995f3a3d5', 'OFFER', 'Pardubice', 'Plzeň', 'Hyundai i30', 3, 3, 'Nekuřácké auto, hudba dle dohody.', NOW()),
    ('91da66ec-4212-4b3f-8877-4214654f45d7', 108, '921249da-8691-58b1-88b7-d73e756e06ab', 'OFFER', 'Brno', 'Praha', 'Hyundai i30', 1, 0, 'Jedeme tam i zpět ten samý den.', NOW()),
    ('e383e678-989c-40e0-914e-63f2e71348f3', 107, 'acd86d21-21f4-5324-8744-7abd5f90b48d', 'OFFER', 'Plzeň', 'Plzeň', 'Škoda Fabia', 1, 1, 'Mám tažné, pokud potřebujete kolo.', NOW()),
    ('a7e2e033-e0ec-4892-9b44-8597cf854fdf', 123, '042b099d-0291-5e1e-9b67-9ba995f3a3d5', 'REQUEST', 'Plzeň', NULL, NULL, 1, 0, NULL, NOW()),
    ('b5c5e68c-3dbc-4d89-a474-3d60ad27d50b', 155, '921249da-8691-58b1-88b7-d73e756e06ab', 'REQUEST', 'Brno', NULL, NULL, 1, 0, 'Mám tažné, pokud potřebujete kolo.', NOW()),
    ('fe0060f7-e8d9-4678-8491-cef67c2cc537', 159, 'ba04da3c-5269-58e5-91bc-d6420cd663ca', 'OFFER', 'Hradec Králové', 'Praha', 'Škoda Fabia', 4, 0, 'Na místě budu hodinu před startem.', NOW()),
    ('322b8a0b-e447-4f67-afcc-211bf6416c2b', 229, 'ba04da3c-5269-58e5-91bc-d6420cd663ca', 'OFFER', 'Brno', 'Brno', 'Dacia Duster', 2, 0, 'Cestou mohu vyzvednout i v Berouně.', NOW()),
    ('89084a95-8447-4116-9f0d-77fa021f4797', 254, '02671a03-2784-5eb2-af35-1250516ec0ea', 'OFFER', 'České Budějovice', 'Praha', 'Škoda Fabia', 1, 1, 'Cestou mohu vyzvednout i v Berouně.', NOW()),
    ('e595fced-e2c6-419f-9914-367ef0f23413', 297, '05969cba-6f75-5ed7-9041-03d87f903393', 'OFFER', 'Praha', 'Ostrava', 'Renault Mégane', 4, 0, 'Nekuřácké auto, hudba dle dohody.', NOW()),
    ('d8e5420e-8ff3-4285-87ad-85af1c81e9b6', 243, '042b099d-0291-5e1e-9b67-9ba995f3a3d5', 'REQUEST', 'Olomouc', NULL, NULL, 1, 0, 'Na místě budu hodinu před startem.', NOW()),
    ('f86c9920-0e5a-475f-bf44-5ebbd88e6659', 150, 'a0eebc99-9c0b-4ef8-bb6d-6bb9bd380a11', 'OFFER', 'České Budějovice', 'Praha', 'Hyundai i30', 2, 1, 'Nekuřácké auto, hudba dle dohody.', NOW());

INSERT INTO ride_passengers (ride_id, user_id) VALUES
    ('4e78cc83-aff3-4e0b-b98a-1dd583ce76d4', '05969cba-6f75-5ed7-9041-03d87f903393'),
    ('4e78cc83-aff3-4e0b-b98a-1dd583ce76d4', 'a0eebc99-9c0b-4ef8-bb6d-6bb9bd380a11'),
    ('8653c21e-aff8-4104-b7ae-00e6583e7bc5', 'a0eebc99-9c0b-4ef8-bb6d-6bb9bd380a11'),
    ('e7e5383a-8ebf-426c-a1ba-8a581e6aa177', 'acd86d21-21f4-5324-8744-7abd5f90b48d'),
    ('428f07d5-35a4-4dd4-883d-ba309f105829', 'acd86d21-21f4-5324-8744-7abd5f90b48d'),
    ('428f07d5-35a4-4dd4-883d-ba309f105829', '02671a03-2784-5eb2-af35-1250516ec0ea'),
    ('05ad65d4-8fd2-4183-8ddd-ae662fa0b481', '042b099d-0291-5e1e-9b67-9ba995f3a3d5'),
    ('05ad65d4-8fd2-4183-8ddd-ae662fa0b481', 'fb3a57ae-e9c5-5a8c-ab00-9203b8f4f6db'),
    ('05ad65d4-8fd2-4183-8ddd-ae662fa0b481', '921249da-8691-58b1-88b7-d73e756e06ab'),
    ('5cc72230-2d4b-4fc2-9ab4-d823f0b65d9d', '02671a03-2784-5eb2-af35-1250516ec0ea'),
    ('029b9ef2-c2aa-4ca0-8960-2fac048b9467', 'fb3a57ae-e9c5-5a8c-ab00-9203b8f4f6db'),
    ('029b9ef2-c2aa-4ca0-8960-2fac048b9467', 'd762cd68-548e-520c-9f17-9490a2cb7935'),
    ('eb38687c-89f9-41ce-88c0-663108e6749a', 'acd86d21-21f4-5324-8744-7abd5f90b48d'),
    ('eb38687c-89f9-41ce-88c0-663108e6749a', '02671a03-2784-5eb2-af35-1250516ec0ea'),
    ('eb38687c-89f9-41ce-88c0-663108e6749a', 'fb3a57ae-e9c5-5a8c-ab00-9203b8f4f6db'),
    ('e383e678-989c-40e0-914e-63f2e71348f3', 'ba04da3c-5269-58e5-91bc-d6420cd663ca'),
    ('89084a95-8447-4116-9f0d-77fa021f4797', '042b099d-0291-5e1e-9b67-9ba995f3a3d5'),
    ('f86c9920-0e5a-475f-bf44-5ebbd88e6659', '921249da-8691-58b1-88b7-d73e756e06ab');
