-- Generated by backend/scripts/build_v9.py.
-- 10 international (non-Czech) users + 18 sample rides that visibly
-- mix them in with the existing Czech V3/V5 user population.

-- ===== Users =====
INSERT INTO users (id, username, email, password, first_name, last_name, city) VALUES
    ('f64975d2-fb83-56c3-a491-3a3669ad3867', 'anna.mueller', 'anna.mueller@example.com', '$2b$10$OnAq6NE..lgR9FhZVGgoM.2BD5.mk5vgCNx.DkLz.f/hY/MerhogO', 'Anna', 'Müller', 'Berlin'),
    ('ce70c30c-3000-5268-98bf-8345152404e4', 'carlos.garcia', 'carlos.garcia@example.com', '$2b$10$4BnN9A1vroDMTuf8DUv8IeFDN3AcM27qQ/uLTgrCDfK.45rl5u.La', 'Carlos', 'García', 'Madrid'),
    ('a44098f4-593b-5fab-b797-63dec6803d32', 'marco.rossi', 'marco.rossi@example.com', '$2b$10$inkzn2dvpUcKZqmGNTT9e.Y3YUIPkiUn3V5uFEYt0JvLK62ByfnY6', 'Marco', 'Rossi', 'Milan'),
    ('2d792906-c122-568a-834e-c74550472428', 'philippe.moreau', 'philippe.moreau@example.com', '$2b$10$tRqan2CQvHRU0Hbc5nhSpOwTcBRqh55CveiYng5jAOJtckpz/LwP.', 'Philippe', 'Moreau', 'Lyon'),
    ('0838d7da-4545-529c-9786-d22b240b4ed5', 'liam.oconnor', 'liam.oconnor@example.com', '$2b$10$5pm15VlDuI6ikkQ4pMQH0eHlTSZzT8idyPTQ2Wynia8CTUo9aCuaW', 'Liam', 'O''Connor', 'Dublin'),
    ('da39bd1e-bcf6-587d-a756-27033e19cd62', 'sophie.schneider', 'sophie.schneider@example.com', '$2b$10$z1jPXoW1Ye6W45K6HAMxguUZWrgEfmq.3doSSASHf62r4t8IdvqjG', 'Sophie', 'Schneider', 'Vienna'),
    ('6a26777a-bf0b-532e-836f-dbfbcd637c3a', 'agnieszka.nowak', 'agnieszka.nowak@example.com', '$2b$10$yUhCVmbaptTFEsVXpy.Tvu96fYKVktTPy9/G.jyZD6zUlNo07xjFC', 'Agnieszka', 'Nowak', 'Warsaw'),
    ('92d1ab05-e267-5606-ab3e-250ca8ffc307', 'erik.andersson', 'erik.andersson@example.com', '$2b$10$/Af2BZc20aREz1dk2aiTneCy/YB/Zax8SVqbX8fkcC1x0nDfnDWMS', 'Erik', 'Andersson', 'Stockholm'),
    ('97ef5f58-e9d3-53d1-9fcb-aa7e0097640c', 'maria.silva', 'maria.silva@example.com', '$2b$10$yH0Ly9Gm1Nshcetgmb1w..i88S6mT5HiNg0RgjCms2ukFNaygJkaC', 'Maria', 'Silva', 'Lisbon'),
    ('61f50e32-ee8f-5e2f-a12a-0a810d90a95f', 'mark.johnson', 'mark.johnson@example.com', '$2b$10$t0bNnG9adEXesOR.0p1UiOEMw1Kkt89z7m6uMU7yn.nTY7Lyph9c6', 'Mark', 'Johnson', 'London');

INSERT INTO user_roles (user_id, role) VALUES
    ('f64975d2-fb83-56c3-a491-3a3669ad3867', 'ROLE_USER'),
    ('ce70c30c-3000-5268-98bf-8345152404e4', 'ROLE_USER'),
    ('a44098f4-593b-5fab-b797-63dec6803d32', 'ROLE_USER'),
    ('2d792906-c122-568a-834e-c74550472428', 'ROLE_USER'),
    ('0838d7da-4545-529c-9786-d22b240b4ed5', 'ROLE_USER'),
    ('da39bd1e-bcf6-587d-a756-27033e19cd62', 'ROLE_USER'),
    ('6a26777a-bf0b-532e-836f-dbfbcd637c3a', 'ROLE_USER'),
    ('92d1ab05-e267-5606-ab3e-250ca8ffc307', 'ROLE_USER'),
    ('97ef5f58-e9d3-53d1-9fcb-aa7e0097640c', 'ROLE_USER'),
    ('61f50e32-ee8f-5e2f-a12a-0a810d90a95f', 'ROLE_USER');

-- ===== Rides =====
-- 18 rides mixing the new international drivers with Czech passengers.
INSERT INTO rides (id, race_id, user_id, type, departure_from, destination_to, car, available_seats, occupied_seats, notes, created_at) VALUES
    ('dcd90f93-bb73-48b8-997c-4c056d199f07', 211, 'f64975d2-fb83-56c3-a491-3a3669ad3867', 'REQUEST', 'London', NULL, NULL, 1, 0, NULL, NOW()),
    ('bb3a08ff-e1a2-4bf8-8fd8-153f9c0fedf1', 417, 'ce70c30c-3000-5268-98bf-8345152404e4', 'OFFER', 'London', 'Olomouc', 'Audi A4', 2, 1, 'I usually leave the night before — let me know.', NOW()),
    ('98ab56ea-1b02-4b0a-96e3-635e4f201e7a', 604, 'a44098f4-593b-5fab-b797-63dec6803d32', 'REQUEST', 'Lyon', NULL, NULL, 1, 0, NULL, NOW()),
    ('0600fdb3-3ae8-4dd9-baff-7d47fdd0c604', 614, '2d792906-c122-568a-834e-c74550472428', 'REQUEST', 'Lisbon', NULL, NULL, 1, 0, 'I usually leave the night before — let me know.', NOW()),
    ('8989481e-042a-4e56-a3bc-0409058a64bc', 752, '0838d7da-4545-529c-9786-d22b240b4ed5', 'REQUEST', 'Wien', NULL, NULL, 1, 0, 'Round trip — same day return.', NOW()),
    ('bb5848a3-743a-4997-93bd-ba33da3296d8', 195, 'da39bd1e-bcf6-587d-a756-27033e19cd62', 'OFFER', 'Warsaw', 'Kounov u Dobrušky', 'Renault Talisman', 2, 2, 'Round trip — same day return.', NOW()),
    ('c08ac4a3-56cb-47b2-83ac-155ddc371753', 318, '6a26777a-bf0b-532e-836f-dbfbcd637c3a', 'OFFER', 'Plzeň', 'Šternberk', 'Ford Mondeo', 3, 2, NULL, NOW()),
    ('aa236cf1-bb38-47dd-aef8-45ac4b615f52', 705, '92d1ab05-e267-5606-ab3e-250ca8ffc307', 'REQUEST', 'Stockholm', NULL, NULL, 1, 0, NULL, NOW()),
    ('bc51bef1-197d-4554-ada4-a93350c3b5e7', 726, '97ef5f58-e9d3-53d1-9fcb-aa7e0097640c', 'OFFER', 'Madrid', 'Stará Ves u Rýmařova', 'Peugeot 508', 4, 3, 'I usually leave the night before — let me know.', NOW()),
    ('68bb8592-d98c-41c4-a3ba-ca525ae22f1f', 659, '61f50e32-ee8f-5e2f-a12a-0a810d90a95f', 'OFFER', 'Ostrava', 'Praha 7', 'Skoda Superb', 2, 0, 'Round trip — same day return.', NOW()),
    ('9303c556-c03a-4f53-8dad-82a7e109ecd6', 520, 'f64975d2-fb83-56c3-a491-3a3669ad3867', 'REQUEST', 'London', NULL, NULL, 1, 0, NULL, NOW()),
    ('343e449a-baa8-46bd-9df9-cac66684760b', 892, 'ce70c30c-3000-5268-98bf-8345152404e4', 'REQUEST', 'Dublin', NULL, NULL, 1, 0, 'I''ll be at the start line one hour early.', NOW()),
    ('212f6b1a-9a8d-421a-9fe9-a22eafce6ff6', 676, 'a44098f4-593b-5fab-b797-63dec6803d32', 'REQUEST', 'Milan', NULL, NULL, 1, 0, NULL, NOW()),
    ('67e39f77-cd15-44fa-8680-2fc69b52e117', 650, '2d792906-c122-568a-834e-c74550472428', 'OFFER', 'Plzeň', 'Zahrádky', 'Toyota Avensis', 3, 0, NULL, NOW()),
    ('9cee1cd8-2aa9-4ae4-b2fb-c428bb163a8f', 838, '0838d7da-4545-529c-9786-d22b240b4ed5', 'OFFER', 'Plzeň', 'Hořovice', 'Peugeot 508', 3, 2, 'I usually leave the night before — let me know.', NOW()),
    ('f6861797-5897-4788-9906-7cce599e6db4', 885, 'da39bd1e-bcf6-587d-a756-27033e19cd62', 'OFFER', 'Ostrava', 'Ostrava-Hrabová', 'Volkswagen Passat', 2, 1, NULL, NOW()),
    ('efae272d-a354-438d-b410-7f856cf2a226', 876, '6a26777a-bf0b-532e-836f-dbfbcd637c3a', 'OFFER', 'Plzeň', 'Náchod-Běloves', 'Skoda Superb', 4, 2, 'Round trip — same day return.', NOW()),
    ('13c062e0-dd63-4149-b190-0a45861a2ffe', 592, '92d1ab05-e267-5606-ab3e-250ca8ffc307', 'REQUEST', 'Brno', NULL, NULL, 1, 0, 'Round trip — same day return.', NOW());

INSERT INTO ride_passengers (ride_id, user_id) VALUES
    ('bb3a08ff-e1a2-4bf8-8fd8-153f9c0fedf1', '05969cba-6f75-5ed7-9041-03d87f903393'),
    ('bb5848a3-743a-4997-93bd-ba33da3296d8', 'acd86d21-21f4-5324-8744-7abd5f90b48d'),
    ('bb5848a3-743a-4997-93bd-ba33da3296d8', 'c0eebc99-9c0b-4ef8-bb6d-6bb9bd380a33'),
    ('c08ac4a3-56cb-47b2-83ac-155ddc371753', '02671a03-2784-5eb2-af35-1250516ec0ea'),
    ('c08ac4a3-56cb-47b2-83ac-155ddc371753', 'fb3a57ae-e9c5-5a8c-ab00-9203b8f4f6db'),
    ('bc51bef1-197d-4554-ada4-a93350c3b5e7', 'b0eebc99-9c0b-4ef8-bb6d-6bb9bd380a22'),
    ('bc51bef1-197d-4554-ada4-a93350c3b5e7', 'ba04da3c-5269-58e5-91bc-d6420cd663ca'),
    ('bc51bef1-197d-4554-ada4-a93350c3b5e7', 'c0eebc99-9c0b-4ef8-bb6d-6bb9bd380a33'),
    ('9cee1cd8-2aa9-4ae4-b2fb-c428bb163a8f', 'd762cd68-548e-520c-9f17-9490a2cb7935'),
    ('9cee1cd8-2aa9-4ae4-b2fb-c428bb163a8f', '05969cba-6f75-5ed7-9041-03d87f903393'),
    ('f6861797-5897-4788-9906-7cce599e6db4', 'fb3a57ae-e9c5-5a8c-ab00-9203b8f4f6db'),
    ('efae272d-a354-438d-b410-7f856cf2a226', 'acd86d21-21f4-5324-8744-7abd5f90b48d'),
    ('efae272d-a354-438d-b410-7f856cf2a226', '042b099d-0291-5e1e-9b67-9ba995f3a3d5');
